type,name,ncbi_or_uniprot,ngdc,host_species,accession_protein_sequence,sequence_length,RBD_disulfude_region,cys,clade,tested_plasmid_name,tested_protein_sequence,tested_protein_size
ace2,H.sapiens,NP_001358344.1,,Homo sapiens,MSSSSWLLLSLVAVTAAQSTIEEQAKTFLDKFNHEAEDLFYQSSLASWNYNTNITEENVQNMNNAGDKWSAFLKEQSTLAQMYPLQEIQNLTVKLQLQALQQNGSSVLSEDKSKRLNTILNTMSTIYSTGKVCNPDNPQECLLLEPGLNEIMANSLDYNERLWAWESWRSEVGKQLRPLYEEYVVLKNEMARANHYEDYGDYWRGDYEVNGVDGYDYSRGQLIEDVEHTFEEIKPLYEHLHAYVRAKLMNAYPSYISPIGCLPAHLLGDMWGRFWTNLYSLTVPFGQKPNIDVTDAMVDQAWDAQRIFKEAEKFFVSVGLPNMTQGFWENSMLTDPGNVQKAVCHPTAWDLGKGDFRILMCTKVTMDDFLTAHHEMGHIQYDMAYAAQPFLLRNGANEGFHEAVGEIMSLSAATPKHLKSIGLLSPDFQEDNETEINFLLKQALTIVGTLPFTYMLEKWRWMVFKGEIPKDQWMKKWWEMKREIVGVVEPVPHDETYCDPASLFHVSNDYSFIRYYTRTLYQFQFQEALCQAAKHEGPLHKCDISNSTEAGQKLFNMLRLGKSEPWTLALENVVGAKNMNVRPLLNYFEPLFTWLKDQNKNSFVGWSTDWSPYADQSIKVRISLKSALGDKAYEWNDNEMYLFRSSVAYAMRQYFLKVKNQMILFGEEDVRVANLKPRISFNFFVTAPKNVSDIIPRTEVEKAIRMSRSRINDAFRLNDNSLEFLGIQPTLGPPNQPPVSIWLIVFGVVMGVIVVGIVILIFTGIRDRKKKNKARSGENPYASIDISKGENNPGFQNTDDVQTSF,805,NA,NA,NA,G852C_AttB_ACE2-2A-TMPRSS2_IRES_miRFP670-H2A-P2A-PuroR,MSSSSWLLLSLVAVTAAQSTIEEQAKTFLDKFNHEAEDLFYQSSLASWNYNTNITEENVQNMNNAGDKWSAFLKEQSTLAQMYPLQEIQNLTVKLQLQALQQNGSSVLSEDKSKRLNTILNTMSTIYSTGKVCNPDNPQECLLLEPGLNEIMANSLDYNERLWAWESWRSEVGKQLRPLYEEYVVLKNEMARANHYEDYGDYWRGDYEVNGVDGYDYSRGQLIEDVEHTFEEIKPLYEHLHAYVRAKLMNAYPSYISPIGCLPAHLLGDMWGRFWTNLYSLTVPFGQKPNIDVTDAMVDQAWDAQRIFKEAEKFFVSVGLPNMTQGFWENSMLTDPGNVQKAVCHPTAWDLGKGDFRILMCTKVTMDDFLTAHHEMGHIQYDMAYAAQPFLLRNGANEGFHEAVGEIMSLSAATPKHLKSIGLLSPDFQEDNETEINFLLKQALTIVGTLPFTYMLEKWRWIVFKGEIPKDQWMKKWWEMKREIVGVVEPVPHDETYCDPASLFHVSNDYSFIRYYTRTLYQFQFQEALCQAAKHEGPLHKCDISNSTEAGQKLFNMLRLGKSEPWTLALENVVGAKNMNVRPLLNYFEPLFTWLKDQNKNSFVGWSTDWSPYADQSIKVRISLKSALGDKAYEWNDNEMYLFRSSVAYAMRQYFLKVKNQMILFGEEDVRVANLKPRISFNFFVTAPKNVSDIIPRTEVEKAIRMSRSRINDAFRLNDNSLEFLGIQPTLGPPNQPPVSIWLIVFGVVMGVIVVGIVILIFTGIRDRKKKNKARSGENPYASIDISKGENNPGFQNTDDVQTSFGTETSQVAPA,815
ace2,R.alcyone,ALJ94035.1,,Rhinolophus alcyone,MSGSSWLFLSLVAVAAAQSTPEDLAKIFLDNFNSEAENLSHQSSLASWEYNTNISDENIQKMDEAGAKWSDFYETQSKHAKNFSLEEIHNDTVKLQLQILQQSGSPVLSEDKSKRLNSILNAMSTIYSTGKVCRPNNPQECLLLEPGLDNIMGTSKDYNERLWAWEGWRAEVGKQLRPLYEEYVVLKNEMARGYHYEDYGDYWRRDYETEGSPDLEYSRDQLTKDVERIFAEIKPLYEQLHAYVRTKLMDTYPFHISPTGCLPAHLLGDMWGRFWTNLYPLTVPFAQKPNIDVTDAMLNQTWDAKRIFKEAEKFFVSIGLPHMTEGFWNNSMLTDPGDGRKVVCHPTAWDLGKGDFRIKMCTKVTMEDFLTAHHEMGHIQYDMAYASQPYLLRNGANEGFHEAVGEVMSLSVATPKHLKTMGLLSPDFLEDNETEINFLFKQALTIVGTLPFTYMLEKWRWMVFKGEIPKEEWMTKWWEMKRKIVGVVEPVPHDETYCDPASLFHVANDYSFIRYYTRTIFEFQFHEALCRIAKHDGPLHKCDISNSTDAGKKLHQMLSVGKSQPWTSVLKDFVDSKDMDVGPLLRYFEPLYTWLKEQNRNSFVGWNTDWSPYADQSIKVRISLKSALGEKAYEWNNNEMYLFRSSVAYAMREYFLKTKNQTILFGEEDVWVSNLKPRISFNFYVTSPRNLSDIIPRPEVEGAIRMSRSRINDAFRLDDNSLEFLGIQPTLGPPYQPPVTIWLIVFGVVMAVVVVGIVVLIITGIRDRRKKDQARSEENPYSSVDLSKGETNPGFQNGDDVQTSF,805,NA,NA,NA,G988A_AttB_ACE2[R.alcyone+ferrum]-2A-TMPRSS2_IRES-miRFP670-P2A-PuroR,MSGSSWLFLSLVAVAAAQSTPEDLAKIFLDNFNSEAENLSHQSSLASWEYNTNISDENIQKMDEAGAKWSDFYETQSKHAKNFSLEEIHNDTVKLQLQILQQSGSPVLSEDKSKRLNSILNAMSTIYSTGKVCRPNNPQECLLLEPGLDNIMGTSKDYNERLWAWEGWRAEVGKQLRPLYEEYVVLKNEMARGYHYEDYGDYWRRDYETEGSPDLEYSRDQLTKDVERIFAEIKPLYEQLHAYVRTKLMDTYPFHISPTGCLPAHLLGDMWGRFWTNLYPLTVPFAQKPNIDVTDAMLNQTWDAKRIFKEAEKFFVSIGLPHMTEGFWNNSMLTDPGDGRKVVCHPTAWDLGKGDFRIKMCTKVTMEDFLTAHHEMGHIQYDMAYASQPYLLRNGANEGFHEAVGEVMSLSVATPKHLKTMGLLSPDFLEDNETEINFLFKQALTIVGTLPFTYMLEKWRWMVFKGEIPKEEWMTKWWEMKRKIVGVVEPVPHDETYCDPASLFHVANDYSFIRYYTRTIFEFQFHEALCRIAKHDGPLHKCDISNSTDAGKKLHQMLSVGKSQPWTSVLKDFVDSKDMDVGPLLRYFEPLYTWLTEQNRKSFVGWNTDWSPYADQSIKVRISLKSALGEKAYEWNNNEMYLFRSSVAYAMREYFLKTKNQTILFGEEDVWVSNLKPRISFNFYVTSPRNLSDIIPRPEVEGAIRMSRSRINDAFRLDDNSLEFLGIQPTLGPPYQPPVTIWLIVFGVVMAVVVVGIVVLIITGIRDRRKKDQARSEENPYSSVDLSKGENNPGFQNGDDVQTSFGTETSQVAPA,815
ace2,R.landeri,ALJ94034.1,,Rhinolophus landeri,MSGSSWLFLSLVAVTAAQSTPEDLAKTFLDDFNSAAENLSYQSSLASWEYNTNISDENIQKMDEAGAKWSDFYETQSKHAKNFSLEEIHNDTVKLQLQILQQSGSPVLSEDKSKRLNSILNAMSTIYSTGKVCRPNNPQECLLLEPGLDNIMGTSKDYNERLWAWEGWRAEVGKQLRPLYEEYVVLKNEMARGYHYEDYGDYWRRDYETEGSPDLEYSRDQLTKDVERIFAEIKPLYEQLHAYVRAKLMDTYPFHISPTGCLPAHLLGDMWGRFWTNLYPLTVPFGQKPNIDVTDAMLNQTWDAKRIFKEAEKFFVSIGLPHMTEGFWNNSMLTDPGDGRKVVCHPTAWDLGKGDFRIKMCTKVTMEDFLTAHHEMGHIQYDMAYASQPYLLRNGANEGFHEAVGEVMSLSVATPKHLKTMGLLSPDFLEDNETEINFLFKQALTIVGTLPFTYMLEKWRWMVFKGEIPKEEWMTKWWEMKRKIVGVVEPVPHDETYCDPASLFHVANDYSFIRYYTRTIFEFQFHEALCRIAKHDGPLHKCDISNSTDAGKKLHQMLSVGKSQPWTSVLKDFVDSKDMDVGPLLRYFEPLYTWLKEQNRNSFVGWNTDWSPHADQSIKVRISLKSALGEKAYEWNNNEMYLFRSSVAYAMREYFSKTKNQTILFGEEDVWVSNLKPRISFNFYVTSPRNLSDIIPRPEVEGAIRMSRSRINDAFRLDDDSLEFLGIQPTLGPPYQPPVTIWLIVFGVVMAVVVVGIVVLIITGIRDRRKKDQARSEENPYSSVDLSKGETNPGFQNGDDVQTSF,805,NA,NA,NA,G999D_AttB_ACE2[R.landeri+ferrum]-2A-TMPRSS2_IRES-miRFP670-P2A-PuroR,MSGSSWLFLSLVAVTAAQSTPEDLAKTFLDDFNSAAENLSYQSSLASWEYNTNISDENIQKMDEAGAKWSDFYETQSKHAKNFSLEEIHNDTVKLQLQILQQSGSPVLSEDKSKRLNSILNAMSTIYSTGKVCRPNNPQECLLLEPGLDNIMGTSKDYNERLWAWEGWRAEVGKQLRPLYEEYVVLKNEMARGYHYEDYGDYWRRDYETEGSPDLEYSRDQLTKDVERIFAEIKPLYEQLHAYVRAKLMDTYPFHISPTGCLPAHLLGDMWGRFWTNLYPLTVPFGQKPNIDVTDAMLNQTWDAKRIFKEAEKFFVSIGLPHMTEGFWNNSMLTDPGDGRKVVCHPTAWDLGKGDFRIKMCTKVTMEDFLTAHHEMGHIQYDMAYASQPYLLRNGANEGFHEAVGEVMSLSVATPKHLKTMGLLSPDFLEDNETEINFLFKQALTIVGTLPFTYMLEKWRWMVFKGEIPKEEWMTKWWEMKRKIVGVVEPVPHDETYCDPASLFHVANDYSFIRYYTRTIFEFQFHEALCRIAKHDGPLHKCDISNSTDAGKKLHQMLSVGKSQPWTSVLKDFVDSKDMDVGPLLRYFEPLYTWLTEQNRKSFVGWNTDWSPYADQSIKVRISLKSALGEKAYEWNNNEMYLFRSSVAYAMREYFLKTKNQTILFGEEDVWVSNLKPRISFNFYVTSPRNLSDIIPRPEVEGAIRMSRSRINDAFRLDDNSLEFLGIQPTLGPPYQPPVTIWLIVFGVVMAVVVVGIVVLIITGIRDRRKKDQARSEENPYSSVDLSKGENNPGFQNGDDVQTSFGTETSQVAPA,815
ace2,R.affinis,QMQ39222.1,,Rhinolophus affinis,MSGSSWLLLSLVAVTAAQSTTEDRAKIFLDNFNREAEELSYQSSLASWEYNTNISDENVQKMDEAGAKWSAFYEEQSKLAKNYPLEEIQTVPVKLQLQILQQSGSPVLSEDKSKRLNSILNAMSTIYSTGKVCKPNNPQECFLLEPGLDNIMGTSKDYNERLWAWEGWRAEVGKQLRPLYEEYVVLKNEMARGYHYEDYGDYWRRDYETEESSGSGYSRDQLMKDVDRIFTEIKPLYEHLHAYVRTKLMDTYPFHISPTGCLPAHLLGDMWGRFWTNLYPLTVPFGQKPNIDVTDAMVNQGWDANRIFKEAEKFFVSVGLPNMTEGFWNNSMLTEPGDGRKVVCHPTAWDLGKGDFRIKMCTKVTMEDFLTAHHEMGHIQYDMAYATQPYLLRNGANEGFHEAVGEVMSLSVATPKHLKTMGLLSPDFLEDNETEINFLLKQALNIVGTLPFTYMLEKWRWMVFRGEIPKEEWMKKWWEMKRDLVGVVEPVPHDETYCDPASLFHVANDYSFIRYYTRTIFEFQFHEALCRIAQHDGPLHKCDISNSTDAGKKLHQMLSVGKSQPWTVTLKDIVDSRNMDVGPLLRYFEPLYTWLQEQNRKSYVGWNTDWSPYSDQSIKVRISLKSALGEKAYEWNDNEMYLFRSSVAYAMREYFSKKNQPILFGVENVWVSNLKPRISFNFHVTSPGNVSDIIPRSEVEGAIRMSRSRINDAFRLDDNSLEFLGIQPTLGPPYQPPVTIWLIVFGVVMAVVVVGIVVLIITGIRDRRKTDQARSEENPYSSVDLNKGENNPGFQNGDDVQTSF,804,NA,NA,NA,G987A_AttB_ACE2[R.affinis+ferrum]-2A-TMPRSS2_IRES-miRFP670-P2A-PuroR,MSGSSWLLLSLVAVTAAQSTTEDRAKIFLDNFNREAEELSYQSSLASWEYNTNISDENVQKMDEAGAKWSAFYEEQSKLAKNYPLEEIQTVPVKLQLQILQQSGSPVLSEDKSKRLNSILNAMSTIYSTGKVCKPNNPQECFLLEPGLDNIMGTSKDYNERLWAWEGWRAEVGKQLRPLYEEYVVLKNEMARGYHYEDYGDYWRRDYETEESSGSGYSRDQLMKDVDRIFTEIKPLYEHLHAYVRTKLMDTYPFHISPTGCLPAHLLGDMWGRFWTNLYPLTVPFGQKPNIDVTDAMVNQGWDANRIFKEAEKFFVSVGLPNMTEGFWNNSMLTEPGDGRKVVCHPTAWDLGKGDFRIKMCTKVTMEDFLTAHHEMGHIQYDMAYATQPYLLRNGANEGFHEAVGEVMSLSVATPKHLKTMGLLSPDFLEDNETEINFLLKQALNIVGTLPFTYMLEKWRWMVFRGEIPKEEWMKKWWEMKRDLVGVVEPVPHDETYCDPASLFHVANDYSFIRYYTRTIFEFQFHEALCRIAQHDGPLHKCDISNSTDAGKKLHQMLSVGKSQPWTVTLKDIVDSRNMDVGPLLRYFEPLYTWLTEQNRKSFVGWNTDWSPYADQSIKVRISLKSALGEKAYEWNNNEMYLFRSSVAYAMREYFLKTKNQTILFGEEDVWVSNLKPRISFNFYVTSPRNLSDIIPRPEVEGAIRMSRSRINDAFRLDDNSLEFLGIQPTLGPPYQPPVTIWLIVFGVVMAVVVVGIVVLIITGIRDRRKKDQARSEENPYSSVDLSKGENNPGFQNGDDVQTSFGTETSQVAPA,815
ace2,R.sinicus_215,QMQ39215.1,,Rhinolophus sinicus,MSGSSWLLLSLVAVTTAQSTTEDRAKTFLDEFNSEAENLSYQSSLASWDYNTNINDENVQKMDEAGAKWSAFYEEQSKLAKNYSLEQIQNVTVKLQLQILQQSGSPVLSEDKSKRLNSILNAMSTIYSTGKVCKPNKPQECLLLEPGLDNIMGTSKDYNERLWAWEGWRAEVGKQLRPLYEEYVVLKNEMARGYHYEDYGDYWRRDYETEESPGPGYSRDQLMKDVERIFTEIKPLYEHLHAYVRAKLMDTYPFHISPTGCLPAHLLGDMWGRFWTNLYPLTVPFGQKPNIDVTDEMLKQGWDADRIFKEAEKFFMSVGLPNMTEGFWNNSMLTEPGDGRKVVCHPTAWDLGKGDFRIKMCTKVTMEDFLTAHHEMGHIQYDMAYASQPYLLRNGANEGFHEAVGEVMSLSVATPKHLKTMGLLSPDFREDNETEINFLLKQALNIVGTLPFTYMLEKWRWMVFKGEIPKEEWMKKWWEMKRKIVGVVEPVPHDETYCDPASLFHVANDYSFIRYYTRTIFEFQFHEALCRIAQHDGPLHKCDISNSTDAGKKLHQMLSVGKSQAWTKTLEDIVDSRNMDVGPLLRYFEPLYTWLQEQNRKSYVGWNTDWSPYSDQSIKVRISLKSALGENAYEWNDNEMYLFRSSVAYAMREYFLKEKHQTILFGAENVWVSNLKPRISFNFHVTSPGNLSDIIPRPEVEGAIRMSRSRINDAFRLDDNSLEFLGIQPTLGPPYQPPVTIWLIVFGVVMAVVVVGIVVLIITGIRDRRKTDQARSEENPYSSVDLSKGENNPGFQNGDDVQTSF,805,NA,NA,NA,G975C_AttB_ACE2[R.sinicus215+ferrum]-2A-TMPRSS2_IRES-miRFP670-P2A-PuroR,MSGSSWLLLSLVAVTTAQSTTEDRAKTFLDEFNSEAENLSYQSSLASWDYNTNINDENVQKMDEAGAKWSAFYEEQSKLAKNYSLEQIQNVTVKLQLQILQQSGSPVLSEDKSKRLNSILNAMSTIYSTGKVCKPNKPQECLLLEPGLDNIMGTSKDYNERLWAWEGWRAEVGKQLRPLYEEYVVLKNEMARGYHYEDYGDYWRRDYETEESPGPGYSRDQLMKDVERIFTEIKPLYEHLHAYVRAKLMDTYPFHISPTGCLPAHLLGDMWGRFWTNLYPLTVPFGQKPNIDVTDEMLKQGWDADRIFKEAEKFFMSVGLPNMTEGFWNNSMLTEPGDGRKVVCHPTAWDLGKGDFRIKMCTKVTMEDFLTAHHEMGHIQYDMAYASQPYLLRNGANEGFHEAVGEVMSLSVATPKHLKTMGLLSPDFREDNETEINFLLKQALNIVGTLPFTYMLEKWRWMVFKGEIPKEEWMKKWWEMKRKIVGVVEPVPHDETYCDPASLFHVANDYSFIRYYTRTIFEFQFHEALCRIAQHDGPLHKCDISNSTDAGKKLHQMLSVGKSQAWTKTLEDIVDSRNMDVGPLLRYFEPLYTWLTEQNRKSFVGWNTDWSPYADQSIKVRISLKSALGEKAYEWNNNEMYLFRSSVAYAMREYFLKTKNQTILFGEEDVWVSNLKPRISFNFYVTSPRNLSDIIPRPEVEGAIRMSRSRINDAFRLDDNSLEFLGIQPTLGPPYQPPVTIWLIVFGVVMAVVVVGIVVLIITGIRDRRKKDQARSEENPYSSVDLSKGENNPGFQNGDDVQTSFGTETSQVAPA,815
ace2,R.sinicus_200,QMQ39200.1,,Rhinolophus sinicus,MSGSSWLLLSLVAVTTAQFTTEDLAKIFLDEFNFEAENLSYQSSLASWDYNTNINDENVQKMDEAGAKWSAFYEEQSKLAKNYPLEQIQNVTVKLQLQILQQSGSPVLSEDKSKRLNSILNAMSTIYSTGKVCKPNKPHECLLLEPGLDNIMGTSKDYNERLWAWEGWRAEVGKQLRPLYEEYVVLKNEMARGYHYEDYGDYWRRDYETEESPGPGYSRDQLMKDVERIFTEIKPLYEHLHAYVRAKLMDTYPFHISPTGCLPAHLLGDMWGRFWTNLYPLTVPFGQKPNIDVTDEMLKQGWDADRIFKEAEKFFVSVGLPNMTEGFWNNSMLTEPGDGRKVVCHPTAWDLGKGDFRIKMCTKVTMEDFLTAHHEMGHIQYDMAYASQPYLLRNGANEGFHEAVGEVMSLSVATPKHLKTMGLLSPDFREDNETEINFLLKQALNIVGTLPFTYMLEKWRWMVFKGEIPKEEWMKKWWEMKRKIVGVVEPVPHDETYCDPASLFHVANDYSFIRYYTRTIFEFQFHEALCRIAQHDGPLHKCDISNSTDAGKKLHQMLSVGKSQAWTKTLEDIVDSRNMDVGPLLRYFEPLYTWLQEQNRKSYVGWNTDWSPYSDQSIKVRISLKSALGENAYEWNDNEMYLFRSSVAYAMREYFLKEKHQTILFGAENVWVSNLKPRISFNFHVTSPGNLSDIIPRPEVEGAIRMSRSRINDAFRLDDNSLEFLGIQPTLGPPYQPPVTIWLIVFGVVMAVVVVGIVVLIITGIRDRRKTDQARSEENPYSSVDLSKGENNPGFQNGDDVQTSF,805,NA,NA,NA,G974D_AttB_ACE2[R.sinicus200+ferrum]-2A-TMPRSS2_IRES-miRFP670-P2A-PuroR,MSGSSWLLLSLVAVTTAQFTTEDLAKIFLDEFNFEAENLSYQSSLASWDYNTNINDENVQKMDEAGAKWSAFYEEQSKLAKNYPLEQIQNVTVKLQLQILQQSGSPVLSEDKSKRLNSILNAMSTIYSTGKVCKPNKPHECLLLEPGLDNIMGTSKDYNERLWAWEGWRAEVGKQLRPLYEEYVVLKNEMARGYHYEDYGDYWRRDYETEESPGPGYSRDQLMKDVERIFTEIKPLYEHLHAYVRAKLMDTYPFHISPTGCLPAHLLGDMWGRFWTNLYPLTVPFGQKPNIDVTDEMLKQGWDADRIFKEAEKFFVSVGLPNMTEGFWNNSMLTEPGDGRKVVCHPTAWDLGKGDFRIKMCTKVTMEDFLTAHHEMGHIQYDMAYASQPYLLRNGANEGFHEAVGEVMSLSVATPKHLKTMGLLSPDFREDNETEINFLLKQALNIVGTLPFTYMLEKWRWMVFKGEIPKEEWMKKWWEMKRKIVGVVEPVPHDETYCDPASLFHVANDYSFIRYYTRTIFEFQFHEALCRIAQHDGPLHKCDISNSTDAGKKLHQMLSVGKSQAWTKTLEDIVDSRNMDVGPLLRYFEPLYTWLTEQNRKSFVGWNTDWSPYADQSIKVRISLKSALGEKAYEWNNNEMYLFRSSVAYAMREYFLKTKNQTILFGEEDVWVSNLKPRISFNFYVTSPRNLSDIIPRPEVEGAIRMSRSRINDAFRLDDNSLEFLGIQPTLGPPYQPPVTIWLIVFGVVMAVVVVGIVVLIITGIRDRRKKDQARSEENPYSSVDLSKGENNPGFQNGDDVQTSFGTETSQVAPA,815
ace2,R.ferrumequinum,XP_032963186.1,,Rhinolophus ferrumequinum,MSGSSWLLLSLVAVTAAQSTTEDLAKKFLDDFNSEAENLSHQSSLASWEYNTNISDENVQKMDEAGAKWSDFYKKQSKLAKNFSLEEIHNDTVKLQLQILQQSGSPVLSEDKSKRLNSILNAMSTIYSTGKVCKPNNPQECLLLEPGLDNIMETSKDYNERLWAWEGWRAEVGKQLRPLYEEYVVLKNEMARGYHYEDYGDYWRRDYETEGSPDLEYSRDQLIKDVERIFAEIKPLYEQLHAYVRTKLMDTYPFHISPTGCLPAHLLGDMWGRFWTNLYPLTVPFGQKPNIDVTDAMLNQNWDAKRIFKEAEKFFVSIGLPNMTEGFWNNSMLTDPGDGRKVVCHPTAWDLGKGDFRIKMCTKVTMEDFLTAHHEMGHIQYDMAYASQPYLLRNGANEGFHEAVGEVMSLSVATPKHLKTMGLLSSDFLEDNETEINFLFKQALNIVGTLPFTYMLEKWRWMVFKGEIPKEEWMKKWWEMKRKIVGVVEPVPHDETYCDPASLFHVANDYSFIRYYTRTIFEFQFHEALCRIAKHDGPLHKCDISNSTDAGEKLHQMLSVGKSQPWTSVLKDFVGSKNMDVGPLLRYFEPLYTWLTEQNRKSFVGWNTDWSPYADQSIKVRISLKSALGEKAYEWNNNEMYLFRSSVAYAMREYFLKTKNQTILFGEEDVWVSNLKPRISFNFYVTSPRNLSDIIPRPEVEGAIRMSRSRINDAFRLDDNSLEFLGIQPTLGPPYQPPVTIWLIVFGVVMAVVVVGIVVLIITGIRDRRKKDQARSEENPYSSVDLSKGENNPGFQNGDDVQTSF,805,NA,NA,NA,G1087L_AttB_ACE2[R.ferrum]-2A-TMPRSS2_IRES_miRFP670-H2A-P2A-PuroR,MSGSSWLLLSLVAVTAAQSTTEDLAKKFLDDFNSEAENLSHQSSLASWEYNTNISDENVQKMDEAGAKWSDFYKKQSKLAKNFSLEEIHNDTVKLQLQILQQSGSPVLSEDKSKRLNSILNAMSTIYSTGKVCKPNNPQECLLLEPGLDNIMETSKDYNERLWAWEGWRAEVGKQLRPLYEEYVVLKNEMARGYHYEDYGDYWRRDYETEGSPDLEYSRDQLIKDVERIFAEIKPLYEQLHAYVRTKLMDTYPFHISPTGCLPAHLLGDMWGRFWTNLYSLTVPFGQKPNIDVTDAMLNQNWDAKRIFKEAEKFFVSIGLPNMTEGFWNNSMLTDPGDGRKVVCHPTAWDLGKGDFRIKMCTKVTMEDFLTAHHEMGHIQYDMAYASQPYLLRNGANEGFHEAVGEVMSLSVATPKHLKTMGLLSSDFLEDNETEINFLFKQALNIVGTLPFTYMLEKWRWMVFKGEIPKEEWMKKWWEMKRKIVGVVEPVPHDETYCDPASLFHVANDYSFIRYYTRTIFEFQFHEALCRIAKHDGPLHKCDISNSTDAGEKLHQMLSVGKSQPWTSVLKDFVGSKNMDVGPLLRYFEPLYTWLTEQNRKSFVGWNTDWSPYADQSIKVRISLKSALGEKAYEWNNNEMYLFRSSVAYAMREYFLKTKNQTILFGEEDVWVSNLKPRISFNFYVTSPRNLSDIIPRPEVEGAIRMSRSRINDAFRLDDNSLEFLGIQPTLGPPYQPPVTIWLIVFGVVMAVVVVGIVVLIITGIRDRRKKDQARSEENPYSSVDLSKGENNPGFQNGDDVQTSFGTETSQVAPA,815
ace2,R.sinicus_472,ADN93472.1,,Rhinolophus sinicus,MSGSFWFLLSLVAVTTAQSTTEDEAKIFLDKFNTKAEDLSHQSSLASWDYNTNINDENVQKMDEAGAKWSAFYEEQSKLAKNYPLEQIQNVTVKLQLQILQQSGSPVLSEDKSKRLNSILNAMSTIYSTGKVCKPNKPHECLLLEPGLDNIMGTSKDYNERLWAWEGWRAEVGKQLRPLYEEYVVLKNEMARGYHYEDYGDYWRRDYETEESPGPGYSRDQLMKDVERIFTEIKPLYEHLHAYVRAKLMDTYPFHISPTGCLPAHLLGDMWGRFWTNLYPLTVPFGQKPNIDVTDEMLKQGWDADRIFKEAEKFFVSVGLPNMTEGFWNNSMLTEPGDGRKVVCHPTAWDLGKGDFRIKMCTKVTMEDFLTAHHEMGHIQYDMAYASQPYLLRNGANEGFHEAVGEVMSLSVATPKHLKTMGLLSPDFREDNETEINFLLKQALNIVGTLPFTYMLEKWMWMVFKGEIPKEEWMKKWLEMKRKIVGVVEPVPHDETYCDPASLFHVANDYSFIRYYTRTIFEFQFHEALCRIAQHDGPLHKCDISNSTDAGKKLHQMLSVGKSKAWTETLKDIVDSRNMDVGPLLRYFEPLYTWLQEQNRKSYVGWNTDWSPYSDQSIKVRISLKSALGENAYEWNDNEMYLFRSSVAYAMREYFLKEKHQTILFGAENVWVSNLKPRISFNFHVTSPGNLSDIIPRPEVEGAIRMSRSRINDAFRLDDNSLEFLGIQPTLGPPYQPPVTIWLIVFGVVMAVVVVGIVVLIITGIRDRRKTDQARSEENPYSSVDLSKGENNPGFQNGDDVQTSF,805,NA,NA,NA,G973A_AttB_ACE2[R.sinicus472+ferrum]-2A-TMPRSS2_IRES-miRFP670-P2A-PuroR,MSGSFWFLLSLVAVTTAQSTTEDEAKIFLDKFNTKAEDLSHQSSLASWDYNTNINDENVQKMDEAGAKWSAFYEEQSKLAKNYPLEQIQNVTVKLQLQILQQSGSPVLSEDKSKRLNSILNAMSTIYSTGKVCKPNKPHECLLLEPGLDNIMGTSKDYNERLWAWEGWRAEVGKQLRPLYEEYVVLKNEMARGYHYEDYGDYWRRDYETEESPGPGYSRDQLMKDVERIFTEIKPLYEHLHAYVRAKLMDTYPFHISPTGCLPAHLLGDMWGRFWTNLYPLTVPFGQKPNIDVTDEMLKQGWDADRIFKEAEKFFVSVGLPNMTEGFWNNSMLTEPGDGRKVVCHPTAWDLGKGDFRIKMCTKVTMEDFLTAHHEMGHIQYDMAYASQPYLLRNGANEGFHEAVGEVMSLSVATPKHLKTMGLLSPDFREDNETEINFLLKQALNIVGTLPFTYMLEKWMWMVFKGEIPKEEWMKKWLEMKRKIVGVVEPVPHDETYCDPASLFHVANDYSFIRYYTRTIFEFQFHEALCRIAQHDGPLHKCDISNSTDAGKKLHQMLSVGKSKAWTETLKDIVDSRNMDVGPLLRYFEPLYTWLTEQNRKSFVGWNTDWSPYADQSIKVRISLKSALGEKAYEWNNNEMYLFRSSVAYAMREYFLKTKNQTILFGEEDVWVSNLKPRISFNFYVTSPRNLSDIIPRPEVEGAIRMSRSRINDAFRLDDNSLEFLGIQPTLGPPYQPPVTIWLIVFGVVMAVVVVGIVVLIITGIRDRRKKDQARSEENPYSSVDLSKGENNPGFQNGDDVQTSFGTETSQVAPA,815
ace2,R.pearsonii,QKE49996.1,,Rhinolophus pearsonii,MSGSFWLLLSLVAVTAAQSTTEDQAKIFLDKFNREAEDLSHESSLASWEYNTNISDENVQKMDEAGAKWSAFYEEQSKLAKDYPLEEIQNSTVKLQLQILQQSGSPVLSEDKSKRLNSILNAMSTIYSTGKVCKPNNPQECLLLEPGLDNIMGTSKDYSERLWAWEGWRAEVGKQLRPLYEEYVVLKNEMARGYHYEDYGDYWRRDYETEESPGPGYSRDQLMNDVERILTEIKPLYEHLHAYVRTKLMDTYPFHISPTGCLPAHLLGDMWGRFWTNLYPLTVPFGQKPNIDVTDAMVNQGWDANRIFKEAEKFFVSVGLPNMTEGFWNNSMLTEPGDGRKVVCHPTAWDLGKDDFRIKMCTKVTMEDFLTAHHEMGHIQYDMAYASQPYLLRNGANEGFHEAVGEVMSLSVATPKHLKTMGLLSPDFREDNETEINFLLKQALNIVGTLPFTYMLEKWRWMVFKGEIPKEEWMKKWWEMKRDIVGVVEPVPHDETYCDPASLFHVANDYSFIRYYTRTILEFQFHEALCRIAQHDGPLHKCDISNSTEAGKKLHQMLRVGKSKPWTVTLKDIVDSRNMDVGPLLRYFEPLYTWLQEQNRKSHVGWNTDWSPYADQSIKVRISLKSALGEKAYEWNDNEMYLFRSSVAYAMREYFLKTKNQTILFGDENVWVSNLKPRISFNFHVTSPGNVSDIIPRPEVEGAIRMSRSRINDAFRLDDNSLEFVGIQPTLGPPYQPPVTIWLIVFGVVMAVVVVGIVVLIITGIRDRRKTDQARSEENPYSSVDLSKGENNPGFQNGDDVQTSF,805,NA,NA,NA,G1118A_AttB_ACE2[R.pearsonii+ferrum]-2A-TMPRSS2_IRES-mCherry-P2A-PuroR,MSGSFWLLLSLVAVTAAQSTTEDQAKIFLDKFNREAEDLSHESSLASWEYNTNISDENVQKMDEAGAKWSAFYEEQSKLAKDYPLEEIQNSTVKLQLQILQQSGSPVLSEDKSKRLNSILNAMSTIYSTGKVCKPNNPQECLLLEPGLDNIMGTSKDYSERLWAWEGWRAEVGKQLRPLYEEYVVLKNEMARGYHYEDYGDYWRRDYETEESPGPGYSRDQLMNDVERILTEIKPLYEHLHAYVRTKLMDTYPFHISPTGCLPAHLLGDMWGRFWTNLYPLTVPFGQKPNIDVTDAMVNQGWDANRIFKEAEKFFVSVGLPNMTEGFWNNSMLTEPGDGRKVVCHPTAWDLGKDDFRIKMCTKVTMEDFLTAHHEMGHIQYDMAYASQPYLLRNGANEGFHEAVGEVMSLSVATPKHLKTMGLLSPDFREDNETEINFLLKQALNIVGTLPFTYMLEKWRWMVFKGEIPKEEWMKKWWEMKRDIVGVVEPVPHDETYCDPASLFHVANDYSFIRYYTRTILEFQFHEALCRIAQHDGPLHKCDISNSTEAGKKLHQMLRVGKSKPWTVTLKDIVDSRNMDVGPLLRYFEPLYTWLTEQNRKSFVGWNTDWSPYADQSIKVRISLKSALGEKAYEWNNNEMYLFRSSVAYAMREYFLKTKNQTILFGEEDVWVSNLKPRISFNFYVTSPRNLSDIIPRPEVEGAIRMSRSRINDAFRLDDNSLEFLGIQPTLGPPYQPPVTIWLIVFGVVMAVVVVGIVVLIITGIRDRRKKDQARSEENPYSSVDLSKGENNPGFQNGDDVQTSFGTETSQVAPA,815
ace2,R.[PDF-2370],QRW38681.1,,Rhinolophus,MSGSSWLLLSLVAVTAAQSTTEDQAKKFLDDFNSEAENLSHQSSLASWEYNTNISDENVQKMDEAGAKWSDFYEKQSKLAKNFSLEEIHNDTVKLQLQILQQSGSPVLSEDKSKRLNSILNAMSTIYSTGKVCKPNNPQECLLLEPGLDNIMGTSKDYNERLWAWEGWRAEVGKQLRPLYEEYVVLKNEMARGYHYEDYGDYWRRDYETEGSPDLEYSRDQLIKDVERIFAEIKPLYEQLHAYVRTKLMDTYPFHISPTGCLPAHLLGDMWGRFWTNLYPLTVPFGQKPNIDVTDAMLNQNWDAKRIFKEAEKFFVSIGLPNMTEGFWNNSMLTDPGDGRKVVCHPTAWDLGKGDFRIKMCTKVTMEDFLTAHHEMGHIQYDMAYASQPYLLRNGANEGFHEAVGEVMSLSVATPKHLKTMGLLSSDFLEDNETEINFLFKQALNIVGTLPFTYMLEKWRWMVFKGEIPKEEWMKKWWEMKRKIVGVVEPVPHDETYCDPASLFHVANDYSFIRYYTRTXFEFQFHEALCRIAKHDGPLHKCDISNSTDAGEKLHQMLSVGKSQPWTSVLKDFVGSKNMDVGPLLRYFEPLYTWLTEQNRKSFVGWNTDWSPYADQSIKVRISLKSALGEKAYEWNNNEMYLFRSSVAYALREYFLKTKNQTILFGEEDVWVSNLKPRISFNFYVTSPRNLSDIIPRPEVEGAIRMSRSRINDAFRLDDNSLEFLGIQPTLGPPYQPPVTIWLIVFGVVMAVVVVGIVVLIITGIRDRRKKDQARSEENPYSSVDLSKGENNPGFQNGDDVQTSF,805,NA,NA,NA,untested,NA,NA
ace2,R.affinis_227,QMQ39227.1,,Rhinolophus affinis,MSGSSWLLLSLVAVTAAQSTTEDRAKIFLDNFNHEAEDLSYQSSLASWEYNTNISDENVQKMDEAGAKWSAFYEEQSKLAKNYPLEEIQTVPVKLQLQILQQSGSPVLSEDKSKRLNSILNAMSTIYSTGKVCKPNNPQECFLLEPGLDNIMGTSKDYNERLWAWEGWRAEVGKQLRPLYEEYVVLKNEMARGYHYEDYGDYWRRDYETEESSGSGYSRDQLMKDVDRIFTEIKPLYEHLHAYVRTKLMDTYPFHISPTGCLPAHLLGDMWGRFWTNLYPLTVPFGQKPNIDVTDAMVNQGWDANRIFKEAEKFFVSVGLPNMTEGFWNNSMLTEPGDGRKVVCHPTAWDLGKGDFRIKMCTKVTMEDFLTAHHEMGHIQYDMAYATQPYLLRNGANEGFHEAVGEVMSLSVATPKHLKTMGLLSPDFLEDNETEINFLLKQALNIVGTLPFTYMLEKWRWMVFRGEIPKEEWMKKWWEMKRDLVGVVEPVPHDETYCDPASLFHVANDYSFIRYYTRTIFEFQFHEALCRIAQHDGPLHKCDISNSTDAGKKLHQMLSVGKSQPWTVTLKDIVDSRNMDVGPLLRYFEPLYTWLQEQNRKSHVGWNTDWSPYSDQSIKVRISLKSALGEKAYEWNDNEMYLFRSSVAYAMREYFSKKNQPILFGVENVWVSNLKPRISFNFHVTSPGNVSDIIPRSEVEGAIRMSRSRINDAFRLDDNSLEFLGIQPTLGPPYQPPVTIWLIVFGVVMAVVVVGIVVLIITGIRDRRKTDQARSEENPYSSVDLNKGENNPGFQNGDDVQTSF,804,NA,NA,NA,untested,NA,NA
ace2,R.affinis_229,QMQ39229.1,,Rhinolophus affinis,MSGSSWLLLSLVAVTAAQSTTEDRAKIFLDNFNHEAEDLSYQSSLASWEYNTNISDENVQKMDEAGAKWSAFYEEQSKLAKNYPLEEIQTVPVKLQLQILQQSGSPVLSEDKSKRLNSILNAMSTIYSTGKVCKPNNPQECFLLEPGLDNIMGTSKDYNERLWAWEGWRAEVGKQLRPLYEEYVALKNEMARGYHYEDYGDYWRRDYETEESSGSGYSRDQLMKDVDRIFTEIKPLYEHLHAYVRTKLMDTYPFHISPTGCLPAHLLGDMWGRFWTNLYPLTVPFGQKPNIDVTDAMVNQGWDANRIFKEAEKFFVSVGLPNMTEGFWNNSMLTEPGDGRKVVCHPTAWDLGKGDFRIKMCTKVTMEDFLTAHHEMGHIQYDMAYATQPYLLRNGANEGFHEAVGEVMSLSVATPKHLKTMGLLSPDFLEDNETEINFLLKQALNIVGTLPFTYMLEKWRWMVFRGEIPKEEWMKKWWEMKRDLVGVVEPVPHDETYCDPASLFHVANDYSFIRYYTRTIFEFQFHEALCRIAQHDGPLHKCDISNSTDAGKKLHQMLSVGKSQPWTVTLKDIVDSRNMDVGPLLRYFEPLYTWLQEQNRKSYVGWNTDWSPYSDQSIKVRISLKSALGEKAYEWNDNEMYLFRSSVAYAMREYFSKKNQPILFGVENVWVSNLKPRISFNFHVTSPGNVSDIIPRSEVEGAIRMSRSRINDAFRLDDNSLEFLGIQPTLGPPYQPPVTIWLIVFGVVMAVVVVGIVVLIITGIRDRRKTDQARSEENPYSSVDLNKGENNPGFQNGDDVQTSF,804,NA,NA,NA,untested,NA,NA
ace2,R.affinis_231,QMQ39231.1,,Rhinolophus affinis,MSGSSWLLLSLVAVTAAQSTTEDRAKIFLDNFNREAEELSYQSSLASWEYNTNISDENVQKMDEAGAKWSAFYEEQSKLAKNHPLEEIQTVPVKLQLQILQQSGSPVLSEDKSKRLNSILNAMSTIYSTGKVCKPNNPQECFLLEPGLDNIMGTSKDYNERLWAWEGWRAEVGKQLRPLYEEYVVLKNEMARGYHYEDYGDYWRRDYETEESSGSGYSRDQLMKDVDRIFTEIKPLYEHLHAYVRTKLMDTYPFHISPTGCLPAHLLGDMWGRFWTNLYPLTVPFGQKPNIDVTDAMVNQGWDANRIFKEAEKFFVSVGLPNMTEGFWNNSMLTEPGDGRKVVCHPTAWDLGKGDFRIKMCTKVTMEDFLTAHHEMGHIQYDMAYATQPYLLRNGANEGFHEAVGEVMSLSVATPKHLKTMGLLSPDFLEDNETEINFLLKQALNIVGTLPFTYMLEKWRWMVFRGEIPKEEWMKKWWEMKRDLVGVVEPVPHDETYCDPASLFHVANDYSFIRYYTRTIFEFQFHEALCRIAQHDGPLHKCDISNSTDAGKKLHQMLSVGKSQPWTVTLKDIVDSRNMDVGPLLRYFEPLYTWLQEQNRKSYVGWNTDWSPYSDQSIKVRISLKSALGEKAYEWNDNEMYLFRSSVAYAMREYFSKKNQPILFGVENVWVSNLKPRISFNFHVTSPGNVSDIIPRSEVEGAIRMSRSRINDAFRLDDNSLEFLGIQPTLGPPYQPPVTIWLIVFGVVMAVVVVGIVVLIITGIRDRRKTDQARSEENPYSSVDLNKGENNPGFQNGDDVQTSF,804,NA,NA,NA,untested,NA,NA
ace2,R.affinis_233,QMQ39233.1,,Rhinolophus affinis,MSGSSWLLLSLVAVTAAQSTTEDRAKIFLDNFNREAEELSYQSSLASWEYNTNISDENVQKMDEAGAKWSAFYEEQSKLAKNYPLEEIQTVPVKLQLQILQQSGSPVLSEDKSKRLNSILNAMSTIYSTGKVCKPNNPQECFLLEPGLDNIMGTSKDYNERLWAWEGWRAEVGKQLRPLYEEYVVLKNEMARGYHYEDYGDYWRRDYETEESSGSGYSRDQLMKDVDRIFTEIKPLYEHLHAYVRTKLMDTYPFHISPTGCLPAHLLGDMWGRFWTNLYPLTVPFGQKPNIDVTDAMVNHGWDANRIFKEAEKFFVSVGLPNMTEGFWNNSMLTEPGDGRKVVCHPTAWDLGKGDFRIKMCTKVTMEDFLTAHHEMGHIQYDMAYATQPYLLRNGANEGFHEAVGEVMSLSVATPKHLKTMGLLSPDFLEDNETEINFLLKQALNIVGTLPFTYMLEKWRWMVFRGEIPKEEWMKKWWEMKRDLVGVVEPVPHDETYCDPASLFHVANDYSFIRYYTRTIFEFQFHEALCRIAQHDGPLHKCDISNSTDAGKKLHQMLSVGKSQPWTVTLKDIVDSRNMDVGPLLRYFEPLYTWLQEQNRKSYVGWNTDWSPYSDQSIKVRISLKSALGEKAYEWNDNEMYLFRSSVAYAMREYFSKKNQPILFGVENVWVSNLKPRISFNFHVTSPGNVSDIIPRSEVEGAIRMSRSRINDAFRLDDNSLEFLGIQPTLGPPYQPPVTIWLIVFGVVMAVVVVGIVVLIITGIRDRRKTDQARSEENPYSSVDLNKGENNPGFQNGDDVQTSF,804,NA,NA,NA,untested,NA,NA
ace2,R.affinis_240,QMQ39240.1,,Rhinolophus affinis,MSGSSWLLLSLVAVTAAQSTTEDRAKIFLDNFNREAEELSYQSSLASWDYNTNISDENVQKMDEAGAKWSAFYEEQSKLAKNYPLEEIQTVPVKLQLQILQQSGSPVLSEDKSKRLNSILNAMSTIYSTGKVCKPNNPQECFLLEPGLDNIMGTSKDYNERLWAWEGWRAEVGKQLRPLYEEYVVLKNEMARGYHYEDYGDYWRRDYETEESSGSGYSRDQLMKDVDRIFTEIKPLYEHLHAYVRTKLMDTYPFHISPTGCLPAHLLGDMWGRFWTNLYPLTVPFGQKPNIDVTDAMVNQGWDANRIFKEAEKFFVSVGLPNMTEGFWNNSMLTEPGDGRKVVCHPTAWDLGKGDFRIKMCTKVTMEDFLTAHHEMGHIQYDMAYATQPYLLRNGANEGFHEAVGEVMSLSVATPKHLKTMGLLSPDFLEDNETEINFLLKQALNIVGTLPFTYMLEKWRWMVFRGEIPKEEWMKKWWEMKRDLVGVVEPVPHDETYCDPASLFHVANDYSFIRYYTRTIFEFQFHEALCRIAQHDGPLHKCDISNSTDAGKKLHQMLSVGKSQPWTVTLKDIVDSRNMDVGPLLRYFEPLYTWLQEQNRKSYVGWNTDWSPYSDQSIKVRISLKSALGEKAYEWNDNEMYLFRSSVAYAMREYFSKKNQPILFGVENVWVSNLKPRISFNFHVTSPGNVSDIIPRSEVEGAIRMSRSRINDAFRLDDNSLEFLGIQPTLGPPYQPPVTIWLIVFGVVMAVVVVGIVVLIITGIRDRRKTDQARSEENPYSSVDLNKGENNPGFQNGDDVQTSF,804,NA,NA,NA,untested,NA,NA
ace2,R.affinis_242,QMQ39242.1,,Rhinolophus affinis,MSGSSWLLLSLVAVTAAQSTTEDRAKIFLDNFNREAEELSYQSSLASWEYNTNISDENVQKMDEAGAKWSAFYEEQSKLAKNYPLEEIQTVPVKLQLQILQQSGSPVLSEDKSKRLNSILNAMSTIYSTGKVCKPNNPQECFLLEPGLDNIMGTSKDYNERLWAWEGWRAEVGKQLRPLYEEYVVLKNEMARGYHYEDYGDYWRRDYETEESSGSGYSRDQLMTDVDRIFTEIKPLYEHLHAYVRTKLMDTYPFHISPTGCLPAHLLGDMWGRFWTNLYPLTVPFGQKPNIDVTDAMVNQGWDANRIFKEAEKFFVSVGLPNMTEGFWNNSMLTEPGDGRKVVCHPTAWDLGKGDFRIKMCTKVTMEDFLTAHHEMGHIQYDMAYATQPYLLRNGANEGFHEAVGEVMSLSVATPKHLKTMGLLSPDFLEDNETEINFLLKQALNIVGTLPFTYMLEKWRWMVFRGEIPKEEWMKKWWEMKRDLVGVVEPVPHDETYCDPASLFHVANDYSFIRYYTRTIFEFQFHEALCRIAQHDGPLHKCDISNSTDAGKKLHQMLSVGKSQPWTVTLKDIVDSRNMDVGPLLRYFEPLYTWLQEQNRKSYVGWNTDWSPYSDQSIKVRISLKSALGEKAYEWNDNEMYLFRSSVAYAMREYFSKKNQPILFGVENVWVSNLKPRISFNFHVTSPGNVSDIIPRSEVEGAIRMSRSRINDAFRLDDNSLEFLGIQPTLGPPYQPPVTIWLIVFGVVMAVVVVGIVVLIITGIRDRRKTDQARSEENPYSSVDLNKGENNPGFQNGDDVQTSF,804,NA,NA,NA,untested,NA,NA
ace2,R.cornutus,BCG67443.1,,Rhinolophus cornutus,MSGSSWLLLSLVAVTAAQSTTEDEAKKFLNDFNSEAENLTYQSSLASWDYNTNISDENVQKMDEAGAKWSAFYEEQSKIAKNYPLEEIQTDIVKRQLQILQQSGSPVLSEDKSKRLNSILNAMSTIYSTGKVCKPNNPQECLLLEPGLDNIMGTSKDYHERLWAWEGWRAEVGKQLRPLYEEYVVLKNEMARGYHYEDYGDYWRRDYETEESSGPGYSRDQLMKDVDRIFTEIKPLYEHLHAYVRAKLMDTYPLHISPTGCLPAHLLGDMWGRFWTNLYPLTVPFGQKPNIDVTDEMVKQGWDANRIFKEAEKFFVSVGLPNMTEGFWNNSMLTEPGDGRKVVCHPTAWDLGKGDFRIKMCTKVTMEDFLTAHHEMGHIQYDMAYASQPYLLRNGANEGFHEAVGEVMSLSVATPKHLKTMGLLSPDFREDDETEINFLLKQALNIVGTLPFTYMLEKWRWMVFKGEIPKEEWMKKWWEMRREIVGVVEPVPHDETYCDPASLFHVANDYSFIRYYTRTIFEFQFHEALCRIAQHNGPLHKCDISNSTDAGKKLHQMLSVGKSQAWTKTLEDIVGSRNMDVGPLLRYFEPLYTWLQEQNRKSYVGWNTDWSPYSDQSIKVRISLKSALGEKAYEWNDNEMYLFRSSVAYAMREYFLKTKNQTILFGDENVWVSNLKPRISFNFHVTSPENVSDIIPRSEVEGAIRMSRSRINDAFRLDDNSLEFLGIQPTLGPPYQPPVTIWLIVFGVVMAVVVVGIVVLIITGIRDRRKTDQARSEENPYPSVDLSKGENNPGFQNGDDVQTSF,805,NA,NA,NA,untested,NA,NA
ace2,R.ferrumequinum_470,ADN93470.1,,Rhinolophus ferrumequinum,MSGSSWFLLSLVAVTAAQSTTEDLAKKFLDDFNSEAENLSHQSSLASWEYNTNISDENVQKMDEAGAKWSDFYEKQSKLAKNFSLEEIHNDTVKLQLQILQQSGSPVLSEDKSKRLNSILNAMSTIYSTGKVCKPNNPQECLLLEPGLDNIMGTSKDYNERLWAWEGWRAEVGKQLRPLYEEYVVLKNEMARGYHYEDYGDYWRRDYETEGSPDLEYSRDQLIKDVERIFAEIKPLYEQLHAYVRTKLMDTYPFHISPTGCLPAHLLGDMWGRFWTNLYPLTVPFGQKPNIDVTDAMLNQNWDAKRIFKEAEKFLVSIGLPNMTEGFWNNSMLTDPGDGRKVVCHPTAWDLGKGDFRIKMCTKVTMEDFLTAHHEMGHIQYDMAYASQPYLLRNGANEGFHEAVGEVMSLSVATPEHLKTMGLLSSDFLEDNETEINFLFKQALNIVGTLPLTYMLEKWRWMVFKGEIPKEEWMKKWWEMKRKIVGVVEPVPHDETYCDPASLFHVANDYSFIRYYTRTIFEFQFHEALCRIAKHDGPLHKCGISNSTDAGEKLHQMLSVGKSQPWTSVLKDFVGSKNMDVGPLLRYFEPLYTWLTEQNRKSFVGWNTDWSPYADQSIKVWISLKSALGEKAYEWNNNEMYLFRSSVAYAMREYFLKTKNQTILFGEEDVWVSNLKPRISFNFYVTSPRNLSDIIPRPEVEGAIRMSRSRINDAFRLDDNSLEFLGIQPTLGPPYQPPVTIWLIVFGVVMAVVVVGIVVLIITGIRDRRKKDQARSEENPYSSVDLSKGENNPGFQNGNDVQTSF,805,NA,NA,NA,untested,NA,NA
ace2,R.ferrumequinum_663,BAH02663.1,,Rhinolophus ferrumequinum,MSGSSWLLLSLVAVTAAQSTTEDLAKKFLDDFNSEAENLSHQSSLASWEYNTNISDENVQKMDEAGAKWSDFYEKQSKLAKNFSLEEIHNDTVKLQLQILQQSGSPVLSEDKSKRLNSILNAMSTIYSTGKVCKPNNPQECLLLEPGLDNIMGTSKDYNERLWAWEGWRAEVGKQLRPLYEEYVVLKNEMARGYHYEDYGDYWRRDYETEGSPDLEYSRDQLIKDVERIFAEIKPLYEQLHAYVRTKLMDTYPFHISPTGCLPAHLLGDMWGRFWTNLYPLTVPFGQKPNIDVTDAMLNQNWDAKRIFKEAEKFFVSIGLPNMTEGFWNNSMLTDPGDGRKVVCHPTAWDLGKGDFRIKMCTKVTMEDFLTAHHEMGHIQYDMAYASQPYLLRNGANEGFHEAVGEVMSLSVATPKHLKTMGLLSSDFLEDNETEINFLFKQALNIVGTLPFTYMLEKWRWMVFKGEIPKEEWMKKWWEMKRKIVGVVEPVPHDETYCDPASLFHVANDYSFIRYYTRTIFEFQFHEALCRIAKHDGPLHKCDISNSTDAGEKLHQMLSVGKSQPWTSVLKDFVGSKNMDVGPLLRYFEPLYTWLTEQNRKSFVGWNTDWSPYADQSIKVRISLKSALGEKAYEWNNNEMYLFRSSVAYAMREYFLKTKNQTILFGEEDVWVSNLKPRISFNFYVTSPRNLSDIIPKPEVEGAIRMSRSRINDAFRLDDNSLEFLGIQPTLGPPYQPPVTIWLIVFGVVMAVVVVGIVVLIITGIRDRRKKDQARSEENPYSSVDLSKGENNPGFQNGDDVQTSF,805,NA,NA,NA,untested,NA,NA
ace2,R.ferrumequinum_790,ACM45790.1,,Rhinolophus ferrumequinum,MSGSFWLFLSLVAVTAAQSTPEELAKTFLEKFNTEAEDLFYQSSLASWDFNTNIIDENVQKMSKARATWSAFYDEQSKLAKTYQLDEIQDPELKLQLRILQQSGSSTLSADKTKRLNDILNTMSTIYSTGKICQPNNSQECLLLEPGLDDIMENSKDYSQRLWAWESWRSEVGKQLRPYYEEYVVLKNEMARGENYEDYGDYWRGDYETEGINGSAYTRDQLIEDVDRIFTEIKPLYEQLHAYVRTKLMDAYPSHISPTGCLPAHLLGDMWGRFWINLYPLTVPFEQKPNIDVTDEMVNQNWNAKRIFKEAEKFFVSLGLPNMTETFWEKSVLTEPDNDQKVACHPTAWDLGKGDFRIIMCTKVKMEDFLTAHHEMGHIQYYMAYATQPYLLRDGANEGFHEAVGEVISLSVATPNHLKNMGLLPPDFYEDNETEINFLLKQALNVVGTLPFTYMLEKWRWMVFKGEIPKEQWMEKWWEMKRELVGVVEPLPHDETYCDPASLFHVANDYSFIRYYTRTIFEFQFLEALCQIAQHEGPLYKCDIANSTEAGKKLHQMLSLGKSKPWTLALESIAGTKNMDVRPLLNYFEPLFTWLKEKNRNSFVGWSTDWSPYSGQSIKVRISLKAALGEKAYEWNDNEMYLFKSSIAYSLREYFLKVKNLTIPFGEEDVWVSDLKPRISFNFFVTSPQNVSEFIPRTEVEGAIRMSRSRINDAFRLDDDTLEFLGIEPTLGTPYQPPVTIWLIVFGVVMGLVVVGIVLLIFVGIRDRRKKNQERSEENPYSSVDLSKGENNAGFQNNDDVQTSF,805,NA,NA,NA,untested,NA,NA
ace2,R.macrotis,ADN93471.1,,Rhinolophus macrotis,MSGSFWLLLSLVAVTAAQSTTEDEAKKFLDKFNSKAEDLSYESSLASWDYNTNISDENVQKMDEAGAKWSAFYEEQSKLAKNYPLEEIQNDTVKRQLQILQQSGSPVLSEDKSKRLNSILNAMSTIYSTGKVCKPNNPQECLLLEPGLDNIMGTSKDYNERLWAWEGWRAEVGKQLRPLYEEYVVLKNEMARGYHYEDYGDYWRRDYETEESSGPGYSRDQLMKDVDRIFTEIKPLYEHLHAYVRAKLMDTYPLHISPTGCLPAHLLGDMWGRFWTNLYPLTVPFGQKPNIDVTDAMLNQGWDANRIFKEAEKFFVSVSLPKMTEGFWNKSMLTEPGDGRKVVCHPTAWDLGKGDFRIKMCTKVTMEDFLTAHHEMGHIQYDMAYASQPYLLRNGANEGFHEAVGEVMSLSVATPKHLKTMGLLSPDFREDDETEINFLLKQALNIVGTLPFTYMLEKWRWMVFKGEIPKEEWMKKWWEMKREIVGVVEPVPHDETYCDPASLFHVANDYSFIRYYTRTIFEFQFHEALCRIAQHNGPLHKCDISNSTDAGKKLHQMLSVGKSQAWTKTLEDIVDSRNMDVGPLLRYFKPLYTWLQEQNRKSYVGWNTDWSPYADQSIKVWISLKSALGEKAYEWNDNEMYLFRSSVAYAMREYFLKTKNQTILFGDENVWVSNLKPRISFNFHVTSPGNVSDIIPRPEVEGAIRMSRSRINDAFRLDDNSLEFLGIQPTLGPPYQPPVTIWLIVFGVVMAVVVVGIVVLIITGIRDRRKTDQARSEENPYPSVDLSKGENNPGFQNGDDVQTSF,805,NA,NA,NA,untested,NA,NA
ace2,R.pusillus,ADN93477.1,,Rhinolophus pusillus,MSGSSWLLLSLVAVTAAQSITEDKAKKFLNDFNSEAEDLSYQSSLASWDYNTNISDENVQKMDEAGAKWSAFYEEQSKIAKNYPLEEIQTDIVKRQLQILQQSGSPVLSEDKSKRLNSILNAMSTIYSTGKVCKPNNPQECLLLEPGLDNIMGTSKDYHERLWAWEGWRAEVGKQLRPLYEEYVVLKNEMARGYHYEDYGDYWRRDYETEESSGPGYSRDQLMKDVDRIFTEIKPLYEHLHAYVRAKLMDTYPLHISPTGCLPAHLLGDMWGRFWTNLYPLTVPFGQKPNIDVTDEMVKQGWDANRIFKEAEKFFVSVGLPNMTEGFWNNSMLTEPGDGRKVVCHPTAWDLGKGDFRIKMCTKVTMEDFLTAHHEMGHIQYDMAYASQPYLLRNGANEGFHEAVGEVMSLSVATPKHLKTMGLLSPDFREDDETEINFLLKQALNIVGTLPFTYMLEKWRWMVFKGEIPKEEWMKKWWEMKREIVGVVEPVPHDETYCDPASLFHVANDYSFIRYYTRTIFEFQFHEALCRIAQHNGPLHKCDISNSTDAGKKLHQMLSVGKSQAWTKTLEDIVGSRNMDVGPLLRYFKPLYTWLQEQSRKSYVGWNTDWSPYSDQSIKVRISLKSALGENAYEWNDNEMYLFRSSVAYAMREYFLKTKNQTILFRDENVWVSNLKPRISFNFHVTSPENVSDIIPRSEVEGAIRMSRSRINDAFRLDDNSLEFLGIQPTLGPPYQPPVTIWLIVFGVVMAVVVVGIVVLIITGIRDRRKADQARSEENPYPSVDLSKGENNPGFQNGDDVQTSF,805,NA,NA,NA,untested,NA,NA
ace2,R.shameli,UBB59645.1,,Rhinolophus shameli,MSGSSWLLLSLVAVTAAQSTTEDRAKAFLDKFNPEAEELSHQSSLASWEYNTNISDENVQKMDEAGAKWSAFYEEQSKLAKNFPLEEIQTVPVKLQLQILQQSGSPVLSEDKSKRLNSILNAMSTIYSTGKVCKPNNPQECFLLEPGLDNIMGTSKDYNERLWAWEGWRAEVGKQLRPLYEEYVVLKNEMARGYHYEDYGDYWRRDYETEESSGSGYSRDQLMKDVDRIFTEIKPLYEHLHAYVRTKLMDTYPFHISPTGCLPAHLLGDMWGRFWTNLYPLTVPFGQKPNIDVTDAMVNQGWDANRIFKEAEKFFVSVGLPNMTEGFWNNSMLTEPGDGRKVVCHPTAWDLGKNDFRIKMCTKVTMEDFLTAHHEMGHIQYDMAYATQPYLLRNGANEGFHEAVGEVMSLSVATPKHLKTMGLLSPDFVEDNETEINFLLKQALNIVGTLPFTYMLEKWRWMVFRGEIPKEEWMKKWWEMKRDLVGVVEPVPHDETYCDPASLFHVANDYSFIRYYTRTIFEFQFHEALCRIAQHDGPLHKCDISNSTDAGKKLHQMLSVGKSQAWTVTLKDIVDSRNMDVGPLLRYFEPLYTWLQEQNKKSYVGWNTDWSPYSDQSIKVRISLKSALGEKAYEWNDNEMYLFRSSVAYAMREYFSKKNQTILFGVENVWVSNLKPRISFNFHVTSPGNVSDIIPRPEVEGAIRMSRSRINDAFRLDDNSLEFLGIQPTLGPPYQPPVTIWLIVFGVVMAVVVVGIVVLIITGIRDRRKTDQARSEENPYSSVDLSKGENNPGFQNGDDVQTSF,804,NA,NA,NA,untested,NA,NA
ace2,R.sinicus_202,QMQ39202.1,,Rhinolophus sinicus,MSGSSWLLLSLVAVTTAQSTTEDRAKIFLDKFNSEAEDLSYQSSLASWDYNTNINDENVQKMDEAGAKWSAFYEEQSKLAKNYPLEQIQNVTVKLQLQILQQSGSPVLSEDKSKRLNSILNAMSTIYSTGKVCKPNKPHECLLLEPGLDNIMGTSKDYNERLWAWEGWRAEVGKQLRPLYEEYVVLKNEMARGYHYEDYGDYWRRDYETEESPGPGYSRDQLMKDVERIFTEIKPLYEHLHAYVRAKLMDTYPFHISPTGCLPAHLLGDMWGRFWTNLYPLTVPFGQKPNIDVTDEMLKQGWDADRIFKEAEKFFVSVGLPNMTEGFWNNSMLTEPGDGRKVVCHPTAWDLGKGDFRIKMCTKVTMEDFLTAHHEMGHIQYDMAYASQPYLLRNGANEGFHEAVGEVMSLSVATPKHLKTMGLLSPDFREDNETEINFLLKQALNIVGTLPFTYMLEKWRWMVFKGEIPKEEWMKKWWEMKRKIVGVVEPVPHDETYCDPASLFHVANDYSFIRYYTRTIFEFQFHEALCRIAQHDGPLHKCDISNSTDAGKKLHQMLSVGKSKAWTETLKDIVDSRNMDVGPLLRYFEPLYTWLQEQNRKSYVGWNTDWSPYSDQSIKVRISLKSALGENAYEWNDNEMYLFRSSVAYAMREYFLKEKHQTILFGAENVWVSNLKPRISFNFHVTSPGNLSDIIPRPEVEGAIRMSRSRINDAFRLDDNSLEFLGIQPTLGPPYQPPVTIWLIVFGVVMAVVVVGIVVLIITGIRDRRKTDQARSEENPYSSVDLSKGENNPGFQNGDDVQTSF,805,NA,NA,NA,untested,NA,NA
ace2,R.sinicus_203,QMQ39203.1,,Rhinolophus sinicus,MSGSSWLLLSLVAVTTAQSTTEDEAKIFLDKFNTKAEDLSHQSSLASWDYNTNINDENVQKMDEAGAKWSAFYEEQSKLAKNYPLEQIQNVTVKLQLQILQQSGSPVLSEDKSKRLNSILNAMSTIYSTGKVCKPNKPHECLLLEPGLDNIMGTSKDYNERLWAWEGWRAEVGKQLRPLYEEYVVLKNEMARGYHYEDYGDYWRRDYETEESPGPGYSRDQLMKDVERIFTEIKPLYEHLHAYVRAKLMDTYPFHISPTGCLPAHLLGDMWGRFWTNLYPLTVPFGQKPNIDVTDEMLKQGWDADRIFKEAEKFFVSVGLPNMTEGFWNNSMLTEPGDGRKVVCHPTAWDLGKGDFRIKMCTKVTMEDFLTAHHEMGHIQYDMAYASQPYLLRNGANEGFHEAVGEVMSLSVATPKHLKTMGLLSPDFREDNETEINFLLKQALNIVGTLPFTYMLEKWRWMVFKGEIPKEEWMKKWWEMKRKIVGVVEPVPHDETYCDPASLFHVANDYSFIRYYTRTIFEFQFHEALCRIAQHDGPLHKCDISNSTDAGKKLHQMLSVGKSQAWTKTLEDIVDSRNMDVGPLLRYFEPLYTWLQEQNRKSYVGWNTDWSPYSDQSIKVRISLKSALGENAYEWNDNEMYLFRSSVAYAMREYFLKEKHQTILFGAENVWVSNLKPRISFNFHVTSPGNLSDIIPRPEVEGAIRMSRSRINDAFRLDDNSLEFLGIQPTLGPPYQPPVTIWLIVFGVVMAVVVVGIVVLIITGIRDRRKTDQARSEENPYSSVDLSKGENNPGFQNGDDVQTSF,805,NA,NA,NA,untested,NA,NA
ace2,R.sinicus_204,QMQ39204.1,,Rhinolophus sinicus,MSGSSWLLLSLVAVTTAQSTTEDRAKTFLDEFNSEAENLSYQSSLASWDYNTNINDENVQKMDEAGAKWSAFYEEQSKLAKNYPLEQIQNVTVKLQLQILQQSGSPVLSEDKSKRLNSILNAMSTIYSTGKVCKPNKPHECLLLEPGLDNIMGTSKDYSERLWAWEGWRAEVGKQLRPLYEEYVVLKNEMARGYHYEDYGDYWRRDYETEESPGPGYSRDQLMKDVERIFTEIKPLYEHLHAYVRAKLMDTYPFHISPTGCLPAHLLGDMWGRFWTNLYPLTVPFGQKPNIDVTDEMLKQGWDADRIFKEAEKFFVSVGLPNMTEGFWNNSMLTEPGDGRKVVCHPTAWDLGKGDFRIKMCTKVTMEDFLTAHHEMGHIQYDMAYASQPYLLRNGANEGFHEAVGEVMSLSVATPKHLKTMGLLSPDFREDNETEINFLLKQALNIVGTLPFTYMLEKWRWMVFKGEIPKEEWMKKWWEMKRKIVGVVEPVPHDETYCDPASLFHVANDYSFIRYYTRTIFEFQFHEALCRIAQHDGPLHKCDISNSTDAGKKLHQMLSVGKSQAWTKTLEDIVDSRNMDVGPLLRYFEPLYTWLQEQNRKSYVGWNTDWSPYSDQSIKVRISLKSALGENAYEWNDNEMYLFRSSVAYAMREYFLKEKHQTILFGAENVWVSNLKPRISFNFHVTSPGNLSDIIPRPEVEGAIRMSRSRINDAFRLDDNSLEFLGIQPTLGPPYQPPVTIWLIVFGVVMAVVVVGIVVLIITGIRDRRKTDQARSEENPYSSVDLSKGENNPGFQNGDDVQTSF,805,NA,NA,NA,untested,NA,NA
ace2,R.sinicus_205,QMQ39205.1,,Rhinolophus sinicus,MSGSSWLLLSLVAVTTAQSTTEDEAKIFLDKFNTKAEDLSHQSSLASWDYNTNINDENVQKMDEAGAKWSAFYEEQSKLAKNYPLEQIQNVTVKLQLQILQQSGSPVLSEDKSKRLNSILNAMSTIYSTGKVCKPNKPHECLLLEPGLDNIMGTSKDYNERLWAWEGWRAEVGKQLRPLYEEYVVLKNEMARGYHYEDYGDYWRRDYETEESPGPGYSRDQLMKDVERIFTEIKPLYEHLHAYVRAKLTDTYPFHISPTGCLPAHLLGDMWGRFWTNLYPLTVPFGQKPNIDVTDEMLKQGWDADRIFKEAEKFFVSVGLPNMTEGFWNNSMLTEPGDGRKVVCHPTAWDLGKGDFRIKMCTKVTMEDFLTAHHEMGHIQYDMAYASQPYLLRNGANEGFHEAVGEVMSLSVATPKHLKTMGLLSPDFREDNETEINFLLKQALNIVGTLPFTYMLEKWRWMVFKGEIPKEEWMKKWWEMKRKIVGVVEPVPHDETYCDPASLFHVANDYSFIRYYTRTIFEFQFHEALCRIAQHDGPLHKCDISNSTDAGKKLHQMLSVGKSQAWTKTLEDIVDSRNMDVGPLLRYFEPLYTWLQEQNRKSYVGWNTDWSPYSDQSIKVRISLKSALGENAYEWNDNEMYLFRSSVAYAMREYFLKEKHQTILFGAENVWVSNLKPRISFNFHVTSPGNLSDIIPRPEVEGAIRMSRSRINDAFRLDDNSLEFLGIQPTLGPPYQPPVTIWLIVFGVVMAVVVVGIVVLIITGIRDRRKTDQARSEENPYFSVDLSKGENNPGFQNGDDVQTSF,805,NA,NA,NA,untested,NA,NA
ace2,R.sinicus_206,QMQ39206.1,,Rhinolophus sinicus,MSGSSWLLLSLVAVTTAQSTTEDRAKIFLDKFNSEAEDLSYQSSLASWDYNTNINDENVQKMDEAGAKWSAFYEEQSKLAKNYPLEQIQNVTVKLQLQILQQSGSPVLSEDKSKRLNSILNAMSTIYSTGKVCKPNKPHECLLLEPGLDNIMGTSKDYNERLWAWEGWRAEVGKQLRPLYEEYVVLKNEMARGYHYEDYGDYWRRDYETEESPGPGYSRDQLMKDVERIFTEIKPLYEHLHAYVRAKLMDTYPFHISPTGCLPAHLLGDMWGRFWTNLYPLTVPFGQKPNIDVTDEMLKQGWDADRIFKEAEKFFVSVGLPNMTEGFWNNSMLTEPGDGRKVVCHPTAWDLGKGDFRIKMCTKVTMEDFLTAHHEMGHIQYDMAYASQPYLLRNGANEGFHEAVGEVMSLSVATPKHLKTMGLLSPDFREDNETEINFLLKQALNIVGTLPFTYMLEKWRWMVFKGEIPKEEWMKKWWEMKRKIVGVVEPVPHDETYCDPASLFHVANDYSFIRYYTRTIFEFQFHEALCRIAQHDGPLHKCDISNSTDAGKKLHQMLSVGKSQAWTKTLEDIVDSRNMDVGPLLRYFEPLYTWLQEQNRKSYVGWNTDWSPYSDQSIKVRISLKSALGENAYEWNDNEMYLFRSSVAYAMREYFLKEKHQTILFGAENVWVSNLKPRISFNFHVTSPGNLSDIIPRPEVEGAIRMSRSRINDAFRLDDNSLEFLGIQPTLGPPYQPPVTIWLIVFGVVMAVVVVGIVVLIITGIRDRRKTDQARSEENPYSSVDLSKGENNPGFQNGDDVQTSF,805,NA,NA,NA,untested,NA,NA
ace2,R.sinicus_210,QMQ39210.1,,Rhinolophus sinicus,MSGSSWLLLSLVAVTTAQSTTEDRAKIFLDEFNSEAEDLSYKSSLASWDYNTNINDENVQKMDEAGAKWSAFYEEQSKLAKNYPLEQIQNVTVKLQLQILQQSGSPVLSEDKSKRLNSILNAMSTIYSTGKVCKPNKPQECLLLEPGLDNIMGTSKDYNERLWAWEGWRAEVGKQLRPLYEEYVVLKNEMARGYHYEDYGDYWRRDYETEESPGPGYSRDQLMKDVERIFTEIKPLYEHLHAYVRAKLMDTYPFHISPTGCLPAHLLGDMWGRFWTNLYPLTVPFGQKPNIDVTDEMLKQGWDADRIFKEAEKFFMSVGLPNMTEGFWNNSMLTEPGDGRKVVCHPTAWDLGKGDFRIKMCTKVTMEDFLTAHHEMGHIQYDMAYASQPYLLRNGANEGFHEAVGEVMSLSVATPKHLKTMGLLSPDFREDNETEINFLLKQALNIVGTLPFTYMLEKWRWMVFKGEIPKEEWMKKWWEMKRKIVGVVEPVPHDETYCDPASLFHVANDYSFIRYYTRTIFEFQFHEALCRIAQHDGPLHKCDISNSTDAGKKLHQMLSVGKSQAWTKTLEDIVDSRNMDVGPLLRYFEPLYTWLQEQNRKSYVGWNTDWSPYSDQSIKVRISLKSALGENAYEWNDNEMYLFRSSVAYAMREYFLKEKHQTILFGAENVWVSNLKPRISFNFHVTSPGNLSDIIPRPEVEGAIRMSRSRINDAFRLDDNSLEFLGIQPTLGPPYQPPVTIWLIVFGVVMAVVVVGIVVLIITGIRDRRKTDQARSEENPYSSVDLSKGENNPGFQNGDDVQTSF,805,NA,NA,NA,untested,NA,NA
ace2,R.sinicus_211,QMQ39211.1,,Rhinolophus sinicus,MSGSSWLLLSLVAVTTAQSTTEDRAKIFLDEFNSEAEDLSYKSSLASWDYNTNINDENVQKMDEAGAKWSAFYEEQSKLAKNYSLEQIQNVTVKLQLQILQQSGSPVLSEDKSKRLNSILNAMSTIYSTGKVCKPNKPQECLLLEPGLDNIMGTSKDYNERLWAWEGWRAEVGKQLRPLYEEYVVLKNEMARGYHYEDYGDYWRRDYETEESPGPGYSRDQLMKDVERIFTEIKPLYEHLHAYVRAKLMDTYPFHISPTGCLPAHLLGDMWGRFWTNLYPLTVPFGQKPNIDVTDEMLKQGWDADRIFKEAEKFFVSVGLPNMTEGFWNNSMLTEPGDGRKVVCHPTAWDLGKGDFRIKMCTKVTMEDFLTAHHEMGHIQYDMAYASQPYLLRNGANEGFHEAVGEVMSLSVATPKHLKTMGLLSPDFREDNETEINFLLKQALNIVGTLPFTYMLEKWRWMVFKGEIPKEEWMKKWWEMKRKIVGVVEPVPHDETYCDPASLFHVANDYSFIRYYTRTIFEFQFHEALCRIAQHDGPLHKCDISNSTDAGKKLHQMLSVGKSQAWTKTLEDIVDSRNMDVGPLLRYFEPLYTWLQEQNRKSYVGWNTDWSPYSDQSIKVRISLKSALGENAYEWNDNEMYLFRSSVAYAMREYFLKEKHQTILFGAENVWVSNLKPRISFNFHVTSPGNLSDIIPRPEVEGAIRMSRSRINDAFRLDDNSLEFLGIQPTLGPPYQPPVTIWLIVFGVVMAVVVVGIVVLIITGIRDRRKTDQARSEENPYSSVDLSKGENNPGFQNGDDVQTSF,805,NA,NA,NA,untested,NA,NA
ace2,R.sinicus_212,QMQ39212.1,,Rhinolophus sinicus,MSGSSWLLLSLVAVTTAQSTTEDEAKMFLDKFNTKAEDLSHQSSLASWDYNTNINDENVQKMDEAGAKWSAFYEEQSKLAKNYSLEQIQNVTVKLQLQILQQSGSPVLSEDKSKRLNSILNAMSTIYSTGKVCKPNKPQECLLLEPGLDNIMGTSKDYNERLWAWEGWRAEVGKQLRPLYEEYVVLKNEMARGYHYEDYGDYWRRDYETEESPGPGYSRDQLMKDVERIFTEIKPLYEHLHAYVRAKLMDTYPFHISPTGCLPAHLLGDMWGRFWTNLYPLTVPFGQKPNIDVTDEMLKQGWDADRIFKEAEKFFVSVGLPNMTEGFWNNSMLTEPGDGRKVVCHPTAWDLGKGDFRIKMCTKVTMEDFLTAHHEMGHIQYDMAYASQPYLLRNGANEGFHEAVGEVMSLSVATPKHLKTMGLLSPDFREDNETEINFLLKQALNIVGTLPFTYMLEKWRWMVFKGEIPKEEWMKKWWEMKRKIVGVVEPVPHDETYCDPASLFHVANDYSFIRYYTRTIFEFQFHEALCRIAQHDGPLHKCDISNSTDAGKKLHQMLSVGKSQAWTKTLEDIVDSRNMDVGPLLRYFEPLYTWLQEQNRKSYVGWNTDWSPYSDQSIKVRISLKSALGENAYEWNDNEMYLFRSSVAYAMREYFLKEKHQTILFGAENVWVSNLKPRISFNFHVTSPGNLSDIIPRPEVEGAIRMSRSRINDAFRLDDNSLEFLGIQPTLGPPYQPPVTIWLIVFGVVMAVVVVGIVVLIITGIRDRRKTDQARSEENPYSSVDLSKGENNPGFQNGDDVQTSF,805,NA,NA,NA,untested,NA,NA
ace2,R.sinicus_214,QMQ39214.1,,Rhinolophus sinicus,MSGSSWLLLSLVAVTTAQSTTEDRAKTFLDEFNSEAENLSYQSSLASWDYNTNINDENVQKMDEAGAKWSAFYEEQSKLAKNYPLEQIQNVTVKLQLQILQQSGSPVLSEDKSKRLNSILNAMSTIYSTGKVCKPNKPHECLLLEPGLDNIMGTSKDYNERLWAWEGWRAEVGKQLRPLYEEYVVLKNEMARGYHYEDYGDYWRRDYETEESPGPGYSRDQLMKDVERIFTEIKPLYEHLHAYVRAKLMDTYPFHISPTGCLPAHLLGDMWGRFWTNLYPLTVPFGQKPNIDVTDEMLKQGWDADRIFKEAEKFFVSVGLPNMTEGFWNNSMLTEPGDGRKVVCHPTAWDLGKGDFRIKMCTKVTMEDFLTAHHEMGHIQYDMAYASQPYLLRNGANEGFHEAVGEVMSLSVATPKHLKTMGLLSPDFREDNETEINFLLKQALNIVGTLPFTYMLEKWRWMVFKGEIPKEEWMKKWWEMKRKIVGVVEPVPHDETYCDPASLFHVANDYSFIRYYTRTIFEFQFHEALCRIAQHDGPLHKCDISNSTDAGKKLHQMLSVGKSQAWTKTLEDIVDSRNMDVGPLLRYFEPLYTWLQEQNRKSYVGWNTDWSPYSDQSIKVRISLKSALGENAYEWNDNEMYLFRSSVAYAMREYFLKEKHQTILFGAENVWVSNLKPRISFNFHVTSPGNLSDIIPRPEVEGAIRMSRSRINDAFRLDDNSLEFLGIQPTLGPPYQPPVTIWLIVFGVVMAVVVVGIVVLIITGIRDRRKTDQARSEENPYSSVDLSKGENNPGFQNGDDVQTSF,805,NA,NA,NA,untested,NA,NA
ace2,R.sinicus_216,QMQ39216.1,,Rhinolophus sinicus,MSGSSWLLLSLVAVTTAQSTTEDRAKMFLDTFNSEAEDLSYQSSLASWDYNTNINDENVQKMDEAGAKWSAFYEEQSKLAKNYSLEQIQNVTVKLQLQILQQSGSPVLSEDKSKRLNSILNAMSTIYSTGKVCKPNKPHECLLLEPGLDNIMGTSKDYNERLWAWEGWRAEVGKQLRPLYEEYVVLKNEMARGYHYEDYGDYWRRDYETEESPGPGYSRDQLMKDVERIFTEIKPLYEHLHAYVRAKLMDTYPFHISPTGCLPAHLLGDMWGRFWTNLYPLTVPFGQKPNIDVTDEMLKQGWDADRIFKEAEKFFVSVGLPNMTEGFWNNSMLTEPGDGRKVVCHPTAWDLGKGDFRIKMCTKVTMEDFLTAHHEMGHIQYDMAYASQPYLLRNGANEGFHEAVGEVMSLSVATPKHLKTMGLLSPDFREDNETEINFLLKQALNIVGTLPFTYMLEKWRWMVFKGEIPKEEWMKKWWEMKRKIVGVVEPVPHDETYCDPASLFHVANDYSFIRYYTRTIFEFQFHEALCRIAQHDGPLHKCDISNSTDAGKKLHQMLSVGKSKAWTETLKDIVDSRNMDVGPLLRYFEPLYTWLQEQNRKSYVGWNTDWSPYSDQSIKVRISLKSALGENAYEWNDNEMYLFRSSVAYAMREYFLKEKHQTILFGAENVWVSNLKPRISFNFHVTSPGNLSDIIPRPEVEGAIRMSRSRINDAFRLDDNSLEFLGIQPTLGPPYQPPVTIWLIVFGVVMAVVVVGIVVLIITGIRDRRKTDQARSEENPYSSVDLSKGENNPGFQNGDDVQTSF,805,NA,NA,NA,untested,NA,NA
ace2,R.sinicus_217,QMQ39217.1,,Rhinolophus sinicus,MSGSSWLLLSLVAVTTAQSTTEDRAKTFLDEFNSEAENLSYQSSLASWDYNTNINDENVQKMDEAGAKWSAFYEEQSKLAKNYPLEQIQNVTVKLQLQILQQSGSPVLSEDKSKRLNSILNAMSTIYSTGKVCKPNKPHECLLLEPGLDNIMGTSKDYNERLWAWEGWRAEVGKQLRPLYEEYVVLKNEMARGYHYEDYGDYWRRDYETEESPGPGYSRDQLMKDVERIFTEIKPLYEHLHAYVRAKLMDTYPFHISPTGCLPAHLLGDMWGRFWTNLYPLTVPFGQKPNIDVTDEMLKQGWDADRIFKEAEKFFVSVGLPNMTEGFWNNSMLTEPGDGRKVVCHPTAWDLGKGDFRIKMCTKVTMEDFLTAHHEMGHIQYDMAYASQPYLLRNGANEGFHEAVGEVMSLSVATPKHLKTMGLLSPDFREDNETEINFLLKQALNIVGTLPFTYMLEKWRWMVFKGEIPKEEWMKKWWEMKRKIVGVVEPVPHDETYCDPASLFHVANDYSFIRYYTRTIFEFQFHEALCRIAQHDGPLHKCDISNSTDAGKKLHQMLSVGKSQAWTKTLEDIVDSRNMDVGPLLRYFEPLYTWLQEQNRKSYVGWNTDWSPYSDQSIKVRISLKSALGENAYEWNDNEMYLFRSSVAYAMREYFLKEKHQTILFGAENVWVSNLKPRISFNFHVTSPGNLSDIIPRPEVEGAIRMSRSRINDAFRLDDNSLEFLGIQPTLGPPYQPPVTIWLIVFGVVMAVVVVGIVVLIITGIRDRRKRDQARSEENPYSSVDLSKGENNPGFQNGDDVQTSF,805,NA,NA,NA,untested,NA,NA
ace2,R.sinicus_219,QMQ39219.1,,Rhinolophus sinicus,MSGSSWLLLSLVAVTTAQSTTEDRAKIFLDEFNSEAEDLSYKSSLASWDYNTNINDENVQKMDEAGAKWSAFYEEQSKLAKNYPLEQIQNVTVKLQLQILQQSGSPVLSEDKSKRLNSILNAMSTIYSTGKVCKPNKPQECLLLEPGLDNIMGTSKDYNERLWAWEGWRAEVGKQLRPLYEEYVVLKNEMARGYHYEDYGDYWRRDYETEESPGPGYSRDQLMKDVERIFTEIKPLYEHLHAYVRAKLMDTYPFHISPTGCLPAHLLGDMWGRFWTNLYPLTVPFGQKPNIDVTDEMLKQGWDADRIFKEAEKFFVSVGLPNMTEGFWNNSMLTEPGDGRKVVCHPTAWDLGKGDFRIKMCTKVTMEDFLTAHHEMGHIQYDMAYASQPYLLRNGANEGFHEAVGEVMSLSVATPKHLKTMGLLSPDFREDNETEINFLLKQALNIVGTLPFTYMLEKWRWMVFKGEIPKEEWMKKWWEMKRKIVGVVEPVPHDETYCDPASLFHVANDYSFIRYYTRTIFEFQFHEALCRIAQHDGPLHKCDISNSTDAGKKLHQMLSVGKSQAWTKTLEDIVDSRNMDVGPLLRYFEPLYTWLQEQNRKSYVGWNTDWSPYSDQSIKVRISLKSALGENAYEWNDNEMYLFRSSVAYAMREYFLKEKHQTILFGAENVWVSNLKPRISFNFHVTSPGNLSDIIPRPEVEGAIRMSRSRINDAFRLDDNSLEFLGIQPTLGPPYQPPVTIWLIVFGVVMAVVVVGIVVLIITGIRDRRKTDQARSEENPYSSVDLSKGENNPGFQNGDDVQTSF,805,NA,NA,NA,untested,NA,NA
ace2,R.sinicus_221,QMQ39221.1,,Rhinolophus sinicus,MSGSSWLLLSLVAVTTAQSTTEDEAKIFLDKFNTKAENLSYQSSLASWDYNTNINDENVQKMDEAGAKWSAFYEEQSKLAKNYPLEQIQNVTVKLQLQILQQSGSPVLSEDKSKRLNSILNAMSTIYSTGKVCKPNKPHECLLLEPGLDNIMGTSKDYNERLWAWEGWRAEVGKQLRPLYEEYVVLKNEMARGYHYEDYGDYWRRDYETEESPGPGYSRDQLMKDVERIFTEIKPLYEHLHAYVRAKLMDTYPFHISPTGCLPAHLLGDMWGRFWTNLYPLTVPFGQKPNIDVTDEMLKQGWDADRIFKEAEKFFVSVGLPNMTEGFWNNSMLTEPGDGRKVVCHPTAWDLGKGDFRIKMCTKVTMEDFLTAHHEMGHIQYDMAYASQPYLLRNGANEGFHEAVGEVMSLSVATPKHLKTMGLLSPDFREDNETEINFLLKQALNIVGTLPFTYMLEKWRWMVFKGEIPKEEWMKKWWEMKRKIVGVVEPVPHDETYCDPASLFHVANDYSFIRYYTRTIFEFQFHEALCRIAQHDGPLHKCDISNSTDAGKKLHQMLSVGKSQAWTKTLEDIVDSRNMDVGPLLRYFEPLYTWLQEQNRKSYVGWNTDWSPYSDQSIKVRISLKSALGENAYEWNDNEMYLFRSSVAYAMREYFLKEKHQTILFGAENVWVSNLKPRISFNFHVTSPGNLSDIIPRPEVEGAIRMSRSRINDAFRLDDNSLEFLGIQPTLGPPYQPPVTIWLIVFGVVMAVVVVGIVVLIITGIRDRRKTDQARSEENPYSSVDLSKGENNPGFQNGDDVQTSF,805,NA,NA,NA,untested,NA,NA
ace2,R.sinicus_275,ACT66275.1,,Rhinolophus sinicus,MSSSSWLLLSLVAVTTAQFTTEDLAKIFLDEFNSEAENLSYQSSLASWDYNTNINDENVQKMDEAGAKWSAFYEEQSKLAKNYPLEQIQNVTVKLQLQILQQSGSPVLSEDKSKRLNSILNAMSTIYSTGKVCKPNKPHECLLLEPGLDNIMGTSKDYSERLWAWEGWRAEVGKQLRPLYEEYVVLKNEMARGYHYEDYGDYWRRDYETEESPGPGYSRDQLMKDVERIFTEIKPLYEHLHAYVRAKLMDTYPFHISPTGCLPAHLLGDMWGRFWTNLYPLTVPFGQKPNIDVTDEMLKQGWDADRIFKEAEKFFVSVGLPNMTEGFWNNSMLTEPGDGRKVVCHPTAWDLGKGDFRIKMCTKVTMEDFLTAHHEMGHIQYDMAYASQPYLLRNGANEGFHEAVGEVMSLSVATPKHLKTMGLLSPDFREDNETEINFLLKQALNIVGTLPFTYMLEKWRWMVFKGEIPKEEWMKKWWEMKRKIVGVVEPVPHDETYCDPASLFHVANDYSFIRYYTRTIFEFQFHEALCRIAQHDGPLHKCDISNSTDAGKKLHQMLSVGKSQAWTKTLEDIVDSRNMDVGPLLRYFEPLYTWLQEQNRKSYVGWNTDWSPYSDQSIKVRISLKSALGENAYEWNDNEMYLFRSSVAYAMREYFLKEKHQTILFGAENVWVSNLKPRISFNFHVTSPGNLSDIIPRPEVEGAIRMSRSRINDAFRLDDNSLEFLGIQPTLGPPYQPPVTIWLIVFGVVMAVVVVGIVVLIITGIRDRRKTDQARSEENPYSSVDLSKGENNPGFQNGDDVQTSF,805,NA,NA,NA,untested,NA,NA
ace2,R.sinicus_475,ADN93475.1,,Rhinolophus sinicus,MSGSFWLLLSLVAVTTAQSTTEDRAKTFLDEFNSEAENLSYQSSLASWDYNTNINDENVQKMDEAGAKWSAFYEEQSKLAKNYPLEQIQNVTVKLQLQILQQSGSPVLSEDKSKRLNSILNAMSTIYSTGKVCKPNKPHECLLLEPGLDNIMGTSKDYNERLWAWEGWRAEVGKQLRPLYEEYVVLKNEMARGYHYEDYGDYWRRDYETEESPGPGYSRDQLMKDVERIFTEIKPLYEHLHAYVRAKLMDTYPFHISPTGCLPAHLLGDMWGRFWTNLYPLTVPFGQKPNIDVTDEMLKQGWDADRIFKEAEKFFVSVGLPNMTEGFWNNSMLTEPGDGRKVVCHPTAWDLGKGDFRIKMCTKVTMEDFLTAHHEMGHIQYDMVYASQPYLLRNGANEGFHEAVGEVMSLSVATPKHLKTMGLLSPDFHEDNETEINFLLKQALNIVGTLPFTYMLEKWRWMVFKGEIPKEEWMKKWWEMKRKIVGVVEPVPHDETYCDPASLFHVANDYSFIRYYTRTIFEFQFHEALCRIAQHDGPLHKCDISNSTDAGKKLHQMLSVGKSQAWTKTLEDIVDSRNMDVGPLLRYFEPLYTWLQEQNRKSYVGWNTDWSPYSDQSIKVRISLKSALGENAYEWNDNEMYLFRSSVAYAMREYFLKEKHQTILFGAENVWVSNLKPRISFNFHVTSPGNLSDIIPRPEVEGAIRMSRSRINDAFRLDDNSLEFLGIQPTLGPPYQPPVTIWLIVFGVVMAVVVVGIVVLIITGIRDRRKTDQARSEENPYSSVDLSKGENNPGFQNGDDVQTSF,805,NA,NA,NA,untested,NA,NA
ace2,R.sinicus_803,AGZ48803.1,,Rhinolophus sinicus,MSGSSWLLLSLVAVTTAQSTTEDEAKMFLDKFNTKAEDLSHQSSLASWDYNTNINDENVQKMDEAGAKWSAFYEEQSKLAKNYSLEQIQNVTVKLQLQILQQSGSPVLSEDKSKRLNSILNAMSTIYSTGKVCKPNKPQECLLLEPGLDNIMGTSKDYNERLWAWEGWRAEVGKQLRPLYEEYVVLKNEMARGYHYEDYGDYWRRDYETEESPGPGYSRDQLMKDVERIFTEIKPLYEHLHAYVRAKLMDTYPFHISPTGCLPAHLLGDMWGRFWTNLYPLTVPFGQKPNIDVTDEMLKQGWDADRIFKEAEKFFVSVGLPNMTEGFWNNSMLTEPGDGRKVVCHPTAWDLGKGDFRIKMCTKVTMEDFLTAHHEMGHIQYDMAYASQPYLLRNGANEGFHEAVGEVMSLSVATPKHLKTMGLLSPDFREDNETEINFLLKQALNIVGTLPFTYMLEKWRWMVFKGEIPKEEWMKKWWEMKRKIVGVVEPVPHDETYCDPASLFHVANDYSFIRYYTRTIFEFQFHEALCRIAQHDGPLHKCDISNSTDAGKKLHQMLSVGKSQAWTKTLEDIVDSRNMDVGPLLKYFEPLYTWLQEQNRKSYVGWNTDWSPYSDQSIKVRISLKSALGENAYEWNDNEMYLFRSSVAYAMREYFLKEKHQTILFGAENVWVSNLKPRISFNFHVTSPGNLSDIIPRPEVEGAIRMSRSRINDAFRLDDNSLEFLGIQPTLGPPYQPPVTIWLIVFGVVMAVVVVGIVVLIITGIRDRRKTDQARSEENPYSSVDLSKGENNPGFQNGDDVQTSF,805,NA,NA,NA,untested,NA,NA
RBD,SARS_CoV-2,QHR63290.2,,Homo sapiens,RVQPTESIVRFPNITNLCPFGEVFNATRFASVYAWNRKRISNCVADYSVLYNSASFSTFKCYGVSPTKLNDLCFTNVYADSFVIRGDEVRQIAPGQTGKIADYNYKLPDDFTGCVIAWNSNNLDSKVGGNYNYLYRLFRKSNLKPFERDISTEIYQAGSTPCNGVEGFNCYFPLQSYGFQPTNGVGYQPYRVVVLSFELLHAPATVCGPKKSTNLVKNKCVNF,223,GSTPCNGVEGFNC,2,1,G740D_pcDNA3_SARS1-SARS2(RBD)-C9,MPMGSLQPLATLYLLGMLVASVLASGSDLDRCTTFDDVQAPNYTQHTSSMRGVYYPDEIFRSDTLYLTQDLFLPFYSNVTGFHTINHTFGNPVIPFKDGIYFAATEKSNVVRGWVFGSTMNNKSQSVIIINNSTNVVIRACNFELCDNPFFAVSKPMGTQTHTMIFDNAFNCTFEYISDAFSLDVSEKSGNFKHLREFVFKNKDGFLYVYKGYQPIDVVRDLPSGFNTLKPIFKLPLGINITNFRAILTAFSPAQDIWGTSAAAYFVGYLKPTTFMLKYDENGTITDAVDCSQNPLAELKCSVKSFEIDKGIYQTSNFRVQPTESIVRFPNITNLCPFGEVFNATRFASVYAWNRKRISNCVADYSVLYNSASFSTFKCYGVSPTKLNDLCFTNVYADSFVIRGDEVRQIAPGQTGKIADYNYKLPDDFTGCVIAWNSNNLDSKVGGNYNYLYRLFRKSNLKPFERDISTEIYQAGSTPCNGVEGFNCYFPLQSYGFQPTNGVGYQPYRVVVLSFELLHAPATVCGPKKSTNLVKNKCVNFNFNGLTGTGVLTESNKKFLPFQQFGRDVSDFTDSVRDPKTSEILDISPCSFGGVSVITPGTNASSEVAVLYQDVNCTDVSTAIHADQLTPAWRIYSTGNNVFQTQAGCLIGAEHVDTSYECDIPIGAGICASYHTVSLLRSTSQKSIVAYTMSLGADSSIAYSNNTIAIPTNFSISITTEVMPVSMAKTSVDCNMYICGDSTECANLLLQYGSFCTQLNRALSGIAAEQDRNTREVFAQVKQMYKTPTLKYFGGFNFSQILPDPLKPTKRSFIEDLLFNKVTLADAGFMKQYGECLGDINARDLICAQKFNGLTVLPPLLTDDMIAAYTAALVSGTATAGWTFGAGAALQIPFAMQMAYRFNGIGVTQNVLYENQKQIANQFNKAISQIQESLTTTSTALGKLQDVVNQNAQALNTLVKQLSSNFGAISSVLNDILSRLDKVEAEVQIDRLITGRLQSLQTYVTQQLIRAAEIRASANLAATKMSECVLGQSKRVDFCGKGYHLMSFPQAAPHGVVFLHVTYVPSQERNFTTAPAICHEGKAYFPREGVFVFNGTSWFITQRNFFSPQIITTDNTFVSGNCDVVIGIINNTVYDPLQPELDSFKEELDKYFKNHTSPDVDLGDISGINASVVNIQKEIDRLNEVAKNLNESLIDLQELGKYEQYIKWPWYVWLGFIAGLIAIVMVTILLCCMTSCCSCLKGACSCGSCCKFDEDDSDPVLKGVKLHYTGGTETSQVAPA,1280
RBD,SARS_CoV,AAP13441.1,,Homo sapiens,RVVPSGDVVRFPNITNLCPFGEVFNATKFPSVYAWERKKISNCVADYSVLYNSTFFSTFKCYGVSATKLNDLCFSNVYADSFVVKGDDVRQIAPGQTGVIADYNYKLPDDFMGCVLAWNTRNIDATSTGNYNYKYRYLRHGKLRPFERDISNVPFSPDGKPCTPPALNCYWPLNDYGFYTTTGIGYQPYRVVVLSFELLNAPATVCGPKLSTDLIKNQCVNF,222,DGKPCTPPALNCY,2,1,R12_pcDNA3_SARS-Swt-C9,MPMGSLQPLATLYLLGMLVASVLASGSDLDRCTTFDDVQAPNYTQHTSSMRGVYYPDEIFRSDTLYLTQDLFLPFYSNVTGFHTINHTFGNPVIPFKDGIYFAATEKSNVVRGWVFGSTMNNKSQSVIIINNSTNVVIRACNFELCDNPFFAVSKPMGTQTHTMIFDNAFNCTFEYISDAFSLDVSEKSGNFKHLREFVFKNKDGFLYVYKGYQPIDVVRDLPSGFNTLKPIFKLPLGINITNFRAILTAFSPAQDIWGTSAAAYFVGYLKPTTFMLKYDENGTITDAVDCSQNPLAELKCSVKSFEIDKGIYQTSNFRVVPSGDVVRFPNITNLCPFGEVFNATKFPSVYAWERKKISNCVADYSVLYNSTFFSTFKCYGVSATKLNDLCFSNVYADSFVVKGDDVRQIAPGQTGVIADYNYKLPDDFMGCVLAWNTRNIDATSTGNYNYKYRYLRHGKLRPFERDISNVPFSPDGKPCTPPALNCYWPLNDYGFYTTTGIGYQPYRVVVLSFELLNAPATVCGPKLSTDLIKNQCVNFNFNGLTGTGVLTPSSKRFQPFQQFGRDVSDFTDSVRDPKTSEILDISPCSFGGVSVITPGTNASSEVAVLYQDVNCTDVSTAIHADQLTPAWRIYSTGNNVFQTQAGCLIGAEHVDTSYECDIPIGAGICASYHTVSLLRSTSQKSIVAYTMSLGADSSIAYSNNTIAIPTNFSISITTEVMPVSMAKTSVDCNMYICGDSTECANLLLQYGSFCTQLNRALSGIAAEQDRNTREVFAQVKQMYKTPTLKYFGGFNFSQILPDPLKPTKRSFIEDLLFNKVTLADAGFMKQYGECLGDINARDLICAQKFNGLTVLPPLLTDDMIAAYTAALVSGTATAGWTFGAGAALQIPFAMQMAYRFNGIGVTQNVLYENQKQIANQFNKAISQIQESLTTTSTALGKLQDVVNQNAQALNTLVKQLSSNFGAISSVLNDILSRLDKVEAEVQIDRLITGRLQSLQTYVTQQLIRAAEIRASANLAATKMSECVLGQSKRVDFCGKGYHLMSFPQAAPHGVVFLHVTYVPSQERNFTTAPAICHEGKAYFPREGVFVFNGTSWFITQRNFFSPQIITTDNTFVSGNCDVVIGIINNTVYDPLQPELDSFKEELDKYFKNHTSPDVDLGDISGINASVVNIQKEIDRLNEVAKNLNESLIDLQELGKYEQYIKWPWYVWLGFIAGLIAIVMVTILLCCMTSCCSCLKGACSCGSCCKFDEDDSEPVLKGVKLHYTGGTETSQVAPA,1279
RBD,WIV1,AGZ48828.1,,Rhinolophus sinicus,RVAPSKEVVRFPNITNLCPFGEVFNATTFPSVYAWERKRISNCVADYSVLYNSTSFSTFKCYGVSATKLNDLCFSNVYADSFVVKGDDVRQIAPGQTGVIADYNYKLPDDFTGCVLAWNTRNIDATQTGNYNYKYRSLRHGKLRPFERDISNVPFSPDGKPCTPPAFNCYWPLNDYGFYITNGIGYQPYRVVVLSFELLNAPATVCGPKLSTDLIKNQCVNF,222,DGKPCTPPAFNCY,2,1,G764B_pcDNA3_SARS1-WIV1(RBD),MPMGSLQPLATLYLLGMLVASVLASGSDLDRCTTFDDVQAPNYTQHTSSMRGVYYPDEIFRSDTLYLTQDLFLPFYSNVTGFHTINHTFGNPVIPFKDGIYFAATEKSNVVRGWVFGSTMNNKSQSVIIINNSTNVVIRACNFELCDNPFFAVSKPMGTQTHTMIFDNAFNCTFEYISDAFSLDVSEKSGNFKHLREFVFKNKDGFLYVYKGYQPIDVVRDLPSGFNTLKPIFKLPLGINITNFRAILTAFSPAQDIWGTSAAAYFVGYLKPTTFMLKYDENGTITDAVDCSQNPLAELKCSVKSFEIDKGIYQTSNFRVAPSKEVVRFPNITNLCPFGEVFNATTFPSVYAWERKRISNCVADYSVLYNSTSFSTFKCYGVSATKLNDLCFSNVYADSFVVKGDDVRQIAPGQTGVIADYNYKLPDDFTGCVLAWNTRNIDATQTGNYNYKYRSLRHGKLRPFERDISNVPFSPDGKPCTPPAFNCYWPLNDYGFYITNGIGYQPYRVVVLSFELLNAPATVCGPKLSTDLIKNQCVNFNFNGLTGTGVLTPSSKRFQPFQQFGRDVSDFTDSVRDPKTSEILDISPCSFGGVSVITPGTNASSEVAVLYQDVNCTDVSTAIHADQLTPAWRIYSTGNNVFQTQAGCLIGAEHVDTSYECDIPIGAGICASYHTVSLLRSTSQKSIVAYTMSLGADSSIAYSNNTIAIPTNFSISITTEVMPVSMAKTSVDCNMYICGDSTECANLLLQYGSFCTQLNRALSGIAAEQDRNTREVFAQVKQMYKTPTLKYFGGFNFSQILPDPLKPTKRSFIEDLLFNKVTLADAGFMKQYGECLGDINARDLICAQKFNGLTVLPPLLTDDMIAAYTAALVSGTATAGWTFGAGAALQIPFAMQMAYRFNGIGVTQNVLYENQKQIANQFNKAISQIQESLTTTSTALGKLQDVVNQNAQALNTLVKQLSSNFGAISSVLNDILSRLDKVEAEVQIDRLITGRLQSLQTYVTQQLIRAAEIRASANLAATKMSECVLGQSKRVDFCGKGYHLMSFPQAAPHGVVFLHVTYVPSQERNFTTAPAICHEGKAYFPREGVFVFNGTSWFITQRNFFSPQIITTDNTFVSGNCDVVIGIINNTVYDPLQPELDSFKEELDKYFKNHTSPDVDLGDISGINASVVNIQKEIDRLNEVAKNLNESLIDLQELGKYEQYIKWPWYVWLGFIAGLIAIVMVTILLCCMTSCCSCLKGACSCGSCCKFDEDDSEPVLKGVKLHYTGGTETSQVAPA*,1280
RBD,BtKY72,APO40579.1,,Rhinolophus,RVSPSTEVVRFPNITNLCPFGQVFNASNFPSVYAWERLRISDCVADYAVLYNSSSSFSTFKCYGVSPTKLNDLCFSSVYADYFVVKGDDVRQIAPAQTGVIADYNYKLPDDFTGCVLAWNTNSVDSKSGNNFYYRLFRHGKIKPYERDISNVLYNSAGGTCSSISQLGCYEPLKSYGFTPTVGVGYQPYRVVVLSFELLNAPATVCGPKKSTELVKNKCVNF,222,GGTCSSISQLGCY,2,3,G778B_pcDNA3_SARS1-BtKY72(RBD),MPMGSLQPLATLYLLGMLVASVLASGSDLDRCTTFDDVQAPNYTQHTSSMRGVYYPDEIFRSDTLYLTQDLFLPFYSNVTGFHTINHTFGNPVIPFKDGIYFAATEKSNVVRGWVFGSTMNNKSQSVIIINNSTNVVIRACNFELCDNPFFAVSKPMGTQTHTMIFDNAFNCTFEYISDAFSLDVSEKSGNFKHLREFVFKNKDGFLYVYKGYQPIDVVRDLPSGFNTLKPIFKLPLGINITNFRAILTAFSPAQDIWGTSAAAYFVGYLKPTTFMLKYDENGTITDAVDCSQNPLAELKCSVKSFEIDKGIYQTSNFRVVPSGDVVRFPNITNLCPFGQVFNASNFPSVYAWERLRISDCVADYAVLYNSSSSFSTFKCYGVSPTKLNDLCFSSVYADYFVVKGDDVRQIAPAQTGVIADYNYKLPDDFTGCVLAWNTNSVDSKSGNNFYYRLFRHGKIKPYERDISNVLYNSAGGTCSSISQLGCYEPLKSYGFTPTVGVGYQPYRVVVLSFELLNAPATVCGPKKSTELVKNKCVNFNFNGLTGTGVLTPSSKRFQPFQQFGRDVSDFTDSVRDPKTSEILDISPCSFGGVSVITPGTNASSEVAVLYQDVNCTDVSTAIHADQLTPAWRIYSTGNNVFQTQAGCLIGAEHVDTSYECDIPIGAGICASYHTVSLLRSTSQKSIVAYTMSLGADSSIAYSNNTIAIPTNFSISITTEVMPVSMAKTSVDCNMYICGDSTECANLLLQYGSFCTQLNRALSGIAAEQDRNTREVFAQVKQMYKTPTLKYFGGFNFSQILPDPLKPTKRSFIEDLLFNKVTLADAGFMKQYGECLGDINARDLICAQKFNGLTVLPPLLTDDMIAAYTAALVSGTATAGWTFGAGAALQIPFAMQMAYRFNGIGVTQNVLYENQKQIANQFNKAISQIQESLTTTSTALGKLQDVVNQNAQALNTLVKQLSSNFGAISSVLNDILSRLDKVEAEVQIDRLITGRLQSLQTYVTQQLIRAAEIRASANLAATKMSECVLGQSKRVDFCGKGYHLMSFPQAAPHGVVFLHVTYVPSQERNFTTAPAICHEGKAYFPREGVFVFNGTSWFITQRNFFSPQIITTDNTFVSGNCDVVIGIINNTVYDPLQPELDSFKEELDKYFKNHTSPDVDLGDISGINASVVNIQKEIDRLNEVAKNLNESLIDLQELGKYEQYIKWPWYVWLGFIAGLIAIVMVTILLCCMTSCCSCLKGACSCGSCCKFDEDDSDPVLKGVKLHYTGGTETSQVAPA,1279
RBD,BM48-31,YP003858584.1,,Rhinolophus blasii,RVTPTTEVVRFPNITQLCPFNEVFNITSFPSVYAWERMRITNCVADYSVLYNSSASFSTFQCYGVSPTKLNDLCFSSVYADYFVVKGDDVRQIAPAQTGVIADYNYKLPDDFTGCVIAWNTNSLDSSNEFFYRRFRHGKIKPYGRDLSNVLFNPSGGTCSAEGLNCYKPLASYGFTQSSGIGFQPYRVVVLSFELLNAPATVCGPKQSTELVKNKCVNF,219,TCSAEGLNCYKPL,2,3,G807B_pcDNA3_SARS1-BM48-31(RBD),MPMGSLQPLATLYLLGMLVASVLASGSDLDRCTTFDDVQAPNYTQHTSSMRGVYYPDEIFRSDTLYLTQDLFLPFYSNVTGFHTINHTFGNPVIPFKDGIYFAATEKSNVVRGWVFGSTMNNKSQSVIIINNSTNVVIRACNFELCDNPFFAVSKPMGTQTHTMIFDNAFNCTFEYISDAFSLDVSEKSGNFKHLREFVFKNKDGFLYVYKGYQPIDVVRDLPSGFNTLKPIFKLPLGINITNFRAILTAFSPAQDIWGTSAAAYFVGYLKPTTFMLKYDENGTITDAVDCSQNPLAELKCSVKSFEIDKGIYQTSNFRVTPTTEVVRFPNITQLCPFNEVFNITSFPSVYAWERMRITNCVADYSVLYNSSASFSTFQCYGVSPTKLNDLCFSSVYADYFVVKGDDVRQIAPAQTGVIADYNYKLPDDFTGCVIAWNTNSLDSSNEFFYRRFRHGKIKPYGRDLSNVLFNPSGGTCSAEGLNCYKPLASYGFTQSSGIGFQPYRVVVLSFELLNAPATVCGPKQSTELVKNKCVNFNFNGLTGTGVLTPSSKRFQPFQQFGRDVSDFTDSVRDPKTSEILDISPCSFGGVSVITPGTNASSEVAVLYQDVNCTDVSTAIHADQLTPAWRIYSTGNNVFQTQAGCLIGAEHVDTSYECDIPIGAGICASYHTVSLLRSTSQKSIVAYTMSLGADSSIAYSNNTIAIPTNFSISITTEVMPVSMAKTSVDCNMYICGDSTECANLLLQYGSFCTQLNRALSGIAAEQDRNTREVFAQVKQMYKTPTLKYFGGFNFSQILPDPLKPTKRSFIEDLLFNKVTLADAGFMKQYGECLGDINARDLICAQKFNGLTVLPPLLTDDMIAAYTAALVSGTATAGWTFGAGAALQIPFAMQMAYRFNGIGVTQNVLYENQKQIANQFNKAISQIQESLTTTSTALGKLQDVVNQNAQALNTLVKQLSSNFGAISSVLNDILSRLDKVEAEVQIDRLITGRLQSLQTYVTQQLIRAAEIRASANLAATKMSECVLGQSKRVDFCGKGYHLMSFPQAAPHGVVFLHVTYVPSQERNFTTAPAICHEGKAYFPREGVFVFNGTSWFITQRNFFSPQIITTDNTFVSGNCDVVIGIINNTVYDPLQPELDSFKEELDKYFKNHTSPDVDLGDISGINASVVNIQKEIDRLNEVAKNLNESLIDLQELGKYEQYIKWPWYVWLGFIAGLIAIVMVTILLCCMTSCCSCLKGACSCGSCCKFDEDDSDPVLKGVKLHYTGGTETSQVAPA,1276
RBD,BB9904/BGR/2008,ALJ94036.1,,Rhinolophus euryale,RVTPTTEVVRFPNITKLCPFDQVFNASSFPSVYAWERVRITDCVANYAVLYNSSVSFSTFQCYGVSPTKLNDLCFSSVYADYFIVKGDDVRQIAPSQTGVIADYNYKLPDDFTGCVIAWNTNALDSNKDFYYRLFRHGKIKPYGRDLSNIPYSPSGTCSTINNLNCFAPLKSYGFTQSSGISFQPYRVVVLSFELLNAPATVCGPKQSTELVKDKCVNF,219,CSTINNLNCFAPL,2,3,G798H_pcDNA3_SARS1-BB9904(RBD),MPMGSLQPLATLYLLGMLVASVLASGSDLDRCTTFDDVQAPNYTQHTSSMRGVYYPDEIFRSDTLYLTQDLFLPFYSNVTGFHTINHTFGNPVIPFKDGIYFAATEKSNVVRGWVFGSTMNNKSQSVIIINNSTNVVIRACNFELCDNPFFAVSKPMGTQTHTMIFDNAFNCTFEYISDAFSLDVSEKSGNFKHLREFVFKNKDGFLYVYKGYQPIDVVRDLPSGFNTLKPIFKLPLGINITNFRAILTAFSPAQDIWGTSAAAYFVGYLKPTTFMLKYDENGTITDAVDCSQNPLAELKCSVKSFEIDKGIYQTSNFRVTPTTEVVRFPNITKLCPFDQVFNASSFPSVYAWERVRITDCVANYAVLYNSSVSFSTFQCYGVSPTKLNDLCFSSVYADYFIVKGDDVRQIAPSQTGVIADYNYKLPDDFTGCVIAWNTNALDSNKDFYYRLFRHGKIKPYGRDLSNIPYSPSGTCSTINNLNCFAPLKSYGFTQSSGISFQPYRVVVLSFELLNAPATVCGPKQSTELVKDKCVNFNFNGLTGTGVLTPSSKRFQPFQQFGRDVSDFTDSVRDPKTSEILDISPCSFGGVSVITPGTNASSEVAVLYQDVNCTDVSTAIHADQLTPAWRIYSTGNNVFQTQAGCLIGAEHVDTSYECDIPIGAGICASYHTVSLLRSTSQKSIVAYTMSLGADSSIAYSNNTIAIPTNFSISITTEVMPVSMAKTSVDCNMYICGDSTECANLLLQYGSFCTQLNRALSGIAAEQDRNTREVFAQVKQMYKTPTLKYFGGFNFSQILPDPLKPTKRSFIEDLLFNKVTLADAGFMKQYGECLGDINARDLICAQKFNGLTVLPPLLTDDMIAAYTAALVSGTATAGWTFGAGAALQIPFAMQMAYRFNGIGVTQNVLYENQKQIANQFNKAISQIQESLTTTSTALGKLQDVVNQNAQALNTLVKQLSSNFGAISSVLNDILSRLDKVEAEVQIDRLITGRLQSLQTYVTQQLIRAAEIRASANLAATKMSECVLGQSKRVDFCGKGYHLMSFPQAAPHGVVFLHVTYVPSQERNFTTAPAICHEGKAYFPREGVFVFNGTSWFITQRNFFSPQIITTDNTFVSGNCDVVIGIINNTVYDPLQPELDSFKEELDKYFKNHTSPDVDLGDISGINASVVNIQKEIDRLNEVAKNLNESLIDLQELGKYEQYIKWPWYVWLGFIAGLIAIVMVTILLCCMTSCCSCLKGACSCGSCCKFDEDDSDPVLKGVKLHYTGGTETSQVAPA,1276
RBD,PRD-0038,QTJ30153.1,,Rhinolophus,RVSPSTEVVRFPNITNLCPFGQVFNASKFPSVYAWERLRISDCVADYSVLYNSSSSFSTFKCYGVSPTKLNDLCFSSVYADYFVVKGDDVRQIAPAQTGVIADYNYKLPDDFTGCVLAWNTNSVDSKQGNNFYYRLFRHGKIKPYERDISNVLYNSAGGTCSSTSQLGCYEPLKSYGFTPTVGVGYQPYRVVVLSFELLNAPATVCGPKKSTELVKNKCVNF,222,GGTCSSTSQLGCY,2,3,untested,NA,NA
RBD,PDF-2386,QTJ30135.1,,Rhinolophus,RVSPSTEVVRFPNITNLCPFGQVFNASNFPSVYAWERLRISDCVADYSVLYNSSSSFSTFKCYGVSPTKLNDLCFSSVYADYFVVKGDDVRQIAPAQTGVIADYNYKLPDDFTGCVLAWNTNSVDSKQGNFYYRLFRHGKIKPYERDISNVLYNSAGGTCSSISQLGCYEPLKSYGFTPTVGVGYQPYRVVVLSFELLNAPATVCGPKKSTELVKNKCVNF,221,GTCSSISQLGCYE,2,3,untested,NA,NA
RBD,PDF-2370,QTJ30144.1,,Rhinolophus,RVSPSTEVVRFPNITNLCPFGQVFNASNFPSVYAWERLRISDCVADYSVLYNSSSSFSTFKCYGVSPTKLNDLCFSSVYADYFVVKGDDVRQIAPAQTGVIADYNYKLPDDFTGCVLAWNTNSVDSKQGNFYYRLFRHGKIKPYERDISNVLYNSAGGTCSSISQLGCYEPLKSYGFTPTVGVGYQPYRVVVLSFELLNAPATVCGPKKSTELVKNKCVNF,221,GTCSSISQLGCYE,2,3,untested,NA,NA
RBD,RhGB01,QYC92806.1,,Rhinolophus hipposideros,RVTPTTEVIRFPNVTQLCPFSDVFNRTMFPSVYAWERMSIRDCVADYAVLYNSSISFSTFECYGVSPTKLNDLCFSSVYADYFVVRGDDVKQIAPGKTGVIADYNYKLPDDFVGCVLAWNSRHVDNKQGFYYRLFRHGKIKPYQRDMSRELYSPSGTPCTVVGFNCYDPLAHYAFASPGIGIGYQPFRVVVLSFQLLNAPATVCGPKQSTDLVKNKCVNF,220,PCTVVGFNCYDPL,2,3,G1120B_pcDNA3_SARS1-RhGB01(RBD)-C9,MPMGSLQPLATLYLLGMLVASVLASGSDLDRCTTFDDVQAPNYTQHTSSMRGVYYPDEIFRSDTLYLTQDLFLPFYSNVTGFHTINHTFGNPVIPFKDGIYFAATEKSNVVRGWVFGSTMNNKSQSVIIINNSTNVVIRACNFELCDNPFFAVSKPMGTQTHTMIFDNAFNCTFEYISDAFSLDVSEKSGNFKHLREFVFKNKDGFLYVYKGYQPIDVVRDLPSGFNTLKPIFKLPLGINITNFRAILTAFSPAQDIWGTSAAAYFVGYLKPTTFMLKYDENGTITDAVDCSQNPLAELKCSVKSFEIDKGIYQTSNFRVTPTTEVIRFPNVTQLCPFSDVFNRTMFPSVYAWERMSIRDCVADYAVLYNSSISFSTFECYGVSPTKLNDLCFSSVYADYFVVRGDDVKQIAPGKTGVIADYNYKLPDDFVGCVLAWNSRHVDNKQGFYYRLFRHGKIKPYQRDMSRELYSPSGTPCTVVGFNCYDPLAHYAFASPGIGIGYQPFRVVVLSFQLLNAPATVCGPKQSTDLVKNKCVNFNFNGLTGTGVLTESNKKFLPFQQFGRDVSDFTDSVRDPKTSEILDISPCSFGGVSVITPGTNASSEVAVLYQDVNCTDVSTAIHADQLTPAWRIYSTGNNVFQTQAGCLIGAEHVDTSYECDIPIGAGICASYHTVSLLRSTSQKSIVAYTMSLGADSSIAYSNNTIAIPTNFSISITTEVMPVSMAKTSVDCNMYICGDSTECANLLLQYGSFCTQLNRALSGIAAEQDRNTREVFAQVKQMYKTPTLKYFGGFNFSQILPDPLKPTKRSFIEDLLFNKVTLADAGFMKQYGECLGDINARDLICAQKFNGLTVLPPLLTDDMIAAYTAALVSGTATAGWTFGAGAALQIPFAMQMAYRFNGIGVTQNVLYENQKQIANQFNKAISQIQESLTTTSTALGKLQDVVNQNAQALNTLVKQLSSNFGAISSVLNDILSRLDKVEAEVQIDRLITGRLQSLQTYVTQQLIRAAEIRASANLAATKMSECVLGQSKRVDFCGKGYHLMSFPQAAPHGVVFLHVTYVPSQERNFTTAPAICHEGKAYFPREGVFVFNGTSWFITQRNFFSPQIITTDNTFVSGNCDVVIGIINNTVYDPLQPELDSFKEELDKYFKNHTSPDVDLGDISGINASVVNIQKEIDRLNEVAKNLNESLIDLQELGKYEQYIKWPWYVWLGFIAGLIAIVMVTILLCCMTSCCSCLKGACSCGSCCKFDEDDSDPVLKGVKLHYTGGTETSQVAPA,1277
RBD,Khosta-1,QVN46559.1,,Rhinolophus ferrumequinum,RVSPSTEVVRFPNITNLCPFGQVFNASTFPSVYAWGRMRISDCVADYSVLYNSTSSFSTFKCYGVSPTKLNDLCFSSVYADYFVVKGDDVRQIAPAQTGVIADYNYKLPDDFTGCVLAWNTKSIDKGQGFYYRLFRHGKIKPYERDTSNVPYNAQGGTCTDTSQLNCYQPLKSYDFTDTVGVGYQPYRVVVLSFELLNAPATVCGPKQSTELVKNKCVNF,220,TCTDTSQLNCYQP,2,3,G1121B_pcDNA3_SARS1-Khosta1(RBD)-C9,MPMGSLQPLATLYLLGMLVASVLASGSDLDRCTTFDDVQAPNYTQHTSSMRGVYYPDEIFRSDTLYLTQDLFLPFYSNVTGFHTINHTFGNPVIPFKDGIYFAATEKSNVVRGWVFGSTMNNKSQSVIIINNSTNVVIRACNFELCDNPFFAVSKPMGTQTHTMIFDNAFNCTFEYISDAFSLDVSEKSGNFKHLREFVFKNKDGFLYVYKGYQPIDVVRDLPSGFNTLKPIFKLPLGINITNFRAILTAFSPAQDIWGTSAAAYFVGYLKPTTFMLKYDENGTITDAVDCSQNPLAELKCSVKSFEIDKGIYQTSNFRVSPSTEVVRFPNITNLCPFGQVFNASTFPSVYAWGRMRISDCVADYSVLYNSTSSFSTFKCYGVSPTKLNDLCFSSVYADYFVVKGDDVRQIAPAQTGVIADYNYKLPDDFTGCVLAWNTKSIDKGQGFYYRLFRHGKIKPYERDTSNVPYNAQGGTCTDTSQLNCYQPLKSYDFTDTVGVGYQPYRVVVLSFELLNAPATVCGPKQSTELVKNKCVNFNFNGLTGTGVLTESNKKFLPFQQFGRDVSDFTDSVRDPKTSEILDISPCSFGGVSVITPGTNASSEVAVLYQDVNCTDVSTAIHADQLTPAWRIYSTGNNVFQTQAGCLIGAEHVDTSYECDIPIGAGICASYHTVSLLRSTSQKSIVAYTMSLGADSSIAYSNNTIAIPTNFSISITTEVMPVSMAKTSVDCNMYICGDSTECANLLLQYGSFCTQLNRALSGIAAEQDRNTREVFAQVKQMYKTPTLKYFGGFNFSQILPDPLKPTKRSFIEDLLFNKVTLADAGFMKQYGECLGDINARDLICAQKFNGLTVLPPLLTDDMIAAYTAALVSGTATAGWTFGAGAALQIPFAMQMAYRFNGIGVTQNVLYENQKQIANQFNKAISQIQESLTTTSTALGKLQDVVNQNAQALNTLVKQLSSNFGAISSVLNDILSRLDKVEAEVQIDRLITGRLQSLQTYVTQQLIRAAEIRASANLAATKMSECVLGQSKRVDFCGKGYHLMSFPQAAPHGVVFLHVTYVPSQERNFTTAPAICHEGKAYFPREGVFVFNGTSWFITQRNFFSPQIITTDNTFVSGNCDVVIGIINNTVYDPLQPELDSFKEELDKYFKNHTSPDVDLGDISGINASVVNIQKEIDRLNEVAKNLNESLIDLQELGKYEQYIKWPWYVWLGFIAGLIAIVMVTILLCCMTSCCSCLKGACSCGSCCKFDEDDSDPVLKGVKLHYTGGTETSQVAPA,1277
RBD,Khosta-2,QVN46569.1,,Rhinolophus hipposideros,RVSPSLDVVRFPNMTNICPFDQVFNKTQFPSVYAWERVRISDCVSDYTVLYNSSASFSTFKCYGVSPTKLNDLCFSGVYADYFVVKGDHVHQIAPGQTGVIADYNYKLPSEFVGCILAWNTRTIDSKRGFYYRLFRHGNIRPYERDTSNVPYNAAGGTCNQPGTHNCYEPLQDYGFTSTSGVGYQPFRVVVLSFELLNAPATVCGPKQSTDLVKNKCVNF,220,TCNQPGTHNCYEP,2,3,G1122A_pcDNA3_SARS1-Khosta2(RBD)-C9,MPMGSLQPLATLYLLGMLVASVLASGSDLDRCTTFDDVQAPNYTQHTSSMRGVYYPDEIFRSDTLYLTQDLFLPFYSNVTGFHTINHTFGNPVIPFKDGIYFAATEKSNVVRGWVFGSTMNNKSQSVIIINNSTNVVIRACNFELCDNPFFAVSKPMGTQTHTMIFDNAFNCTFEYISDAFSLDVSEKSGNFKHLREFVFKNKDGFLYVYKGYQPIDVVRDLPSGFNTLKPIFKLPLGINITNFRAILTAFSPAQDIWGTSAAAYFVGYLKPTTFMLKYDENGTITDAVDCSQNPLAELKCSVKSFEIDKGIYQTSNFRVSPSLDVVRFPNMTNICPFDQVFNKTQFPSVYAWERVRISDCVSDYTVLYNSSASFSTFKCYGVSPTKLNDLCFSGVYADYFVVKGDHVHQIAPGQTGVIADYNYKLPSEFVGCILAWNTRTIDSKRGFYYRLFRHGNIRPYERDTSNVPYNAAGGTCNQPGTHNCYEPLQDYGFTSTSGVGYQPFRVVVLSFELLNAPATVCGPKQSTDLVKNKCVNFNFNGLTGTGVLTESNKKFLPFQQFGRDVSDFTDSVRDPKTSEILDISPCSFGGVSVITPGTNASSEVAVLYQDVNCTDVSTAIHADQLTPAWRIYSTGNNVFQTQAGCLIGAEHVDTSYECDIPIGAGICASYHTVSLLRSTSQKSIVAYTMSLGADSSIAYSNNTIAIPTNFSISITTEVMPVSMAKTSVDCNMYICGDSTECANLLLQYGSFCTQLNRALSGIAAEQDRNTREVFAQVKQMYKTPTLKYFGGFNFSQILPDPLKPTKRSFIEDLLFNKVTLADAGFMKQYGECLGDINARDLICAQKFNGLTVLPPLLTDDMIAAYTAALVSGTATAGWTFGAGAALQIPFAMQMAYRFNGIGVTQNVLYENQKQIANQFNKAISQIQESLTTTSTALGKLQDVVNQNAQALNTLVKQLSSNFGAISSVLNDILSRLDKVEAEVQIDRLITGRLQSLQTYVTQQLIRAAEIRASANLAATKMSECVLGQSKRVDFCGKGYHLMSFPQAAPHGVVFLHVTYVPSQERNFTTAPAICHEGKAYFPREGVFVFNGTSWFITQRNFFSPQIITTDNTFVSGNCDVVIGIINNTVYDPLQPELDSFKEELDKYFKNHTSPDVDLGDISGINASVVNIQKEIDRLNEVAKNLNESLIDLQELGKYEQYIKWPWYVWLGFIAGLIAIVMVTILLCCMTSCCSCLKGACSCGSCCKFDEDDSDPVLKGVKLHYTGGTETSQVAPA,1277
RBD,Rs4237,ATO98169.1,,Rhinolophus sinicus,RVSPTQEVIRFPNITNRCPFDKVFNASRFPNVYAWERTKISDCVADYTVLYNSTSFSTFKCYGVSPSKLIDLCFTSVYADTFLIRSSEVRQVAPGETGVIADYNYKLPDDFTGCVIAWNTAKQDQGQYYYRSSRKTKLKPFERDLSSDENGVRTLSTYDFYPTVPIEYQATRVVVLSFELLNAPATVCGPKLSTGLVKNQCVNF,204,YDFYPTVPIEYQA,0,2,G817A_pcDNA3_SARS1-Rs4237(RBD),MPMGSLQPLATLYLLGMLVASVLASGSDLDRCTTFDDVQAPNYTQHTSSMRGVYYPDEIFRSDTLYLTQDLFLPFYSNVTGFHTINHTFGNPVIPFKDGIYFAATEKSNVVRGWVFGSTMNNKSQSVIIINNSTNVVIRACNFELCDNPFFAVSKPMGTQTHTMIFDNAFNCTFEYISDAFSLDVSEKSGNFKHLREFVFKNKDGFLYVYKGYQPIDVVRDLPSGFNTLKPIFKLPLGINITNFRAILTAFSPAQDIWGTSAAAYFVGYLKPTTFMLKYDENGTITDAVDCSQNPLAELKCSVKSFEIDKGIYQTSNFRVSPTQEVIRFPNITNRCPFDKVFNASRFPNVYAWERTKISDCVADYTVLYNSTSFSTFKCYGVSPSKLIDLCFTSVYADTFLIRSSEVRQVAPGETGVIADYNYKLPDDFTGCVIAWNTAKQDQGQYYYRSSRKTKLKPFERDLSSDENGVRTLSTYDFYPTVPIEYQATRVVVLSFELLNAPATVCGPKLSTGLVKNQCVNFNFNGLTGTGVLTPSSKRFQPFQQFGRDVSDFTDSVRDPKTSEILDISPCSFGGVSVITPGTNASSEVAVLYQDVNCTDVSTAIHADQLTPAWRIYSTGNNVFQTQAGCLIGAEHVDTSYECDIPIGAGICASYHTVSLLRSTSQKSIVAYTMSLGADSSIAYSNNTIAIPTNFSISITTEVMPVSMAKTSVDCNMYICGDSTECANLLLQYGSFCTQLNRALSGIAAEQDRNTREVFAQVKQMYKTPTLKYFGGFNFSQILPDPLKPTKRSFIEDLLFNKVTLADAGFMKQYGECLGDINARDLICAQKFNGLTVLPPLLTDDMIAAYTAALVSGTATAGWTFGAGAALQIPFAMQMAYRFNGIGVTQNVLYENQKQIANQFNKAISQIQESLTTTSTALGKLQDVVNQNAQALNTLVKQLSSNFGAISSVLNDILSRLDKVEAEVQIDRLITGRLQSLQTYVTQQLIRAAEIRASANLAATKMSECVLGQSKRVDFCGKGYHLMSFPQAAPHGVVFLHVTYVPSQERNFTTAPAICHEGKAYFPREGVFVFNGTSWFITQRNFFSPQIITTDNTFVSGNCDVVIGIINNTVYDPLQPELDSFKEELDKYFKNHTSPDVDLGDISGINASVVNIQKEIDRLNEVAKNLNESLIDLQELGKYEQYIKWPWYVWLGFIAGLIAIVMVTILLCCMTSCCSCLKGACSCGSCCKFDEDDSDPVLKGVKLHYTGGTETSQVAPA,1261
RBD,YN2013,AIA62330.1,,Rhinolophus sinicus,RVSPTREVVRFPNITNRCPFDSIFNASRFPSVYAWERTKISDCVADYTVLYNSTLFSTFKCYGVSPSKLIDLCFTSVYADTFLIRFSEVRQVAPGETGVIADYNYRLPDDFTGCVIAWNTANQDVGSYFYRSHRSTKLKPFERDLSSDENGVRTLSTYDFNPNVPLDYQATRVVVLSFELLNAPATVCGPKLSTELVKNQCVNF,204,YDFNPNVPLDYQA,0,2,G777A_pcDNA3_SARS1-YN2013(RBD),MPMGSLQPLATLYLLGMLVASVLASGSDLDRCTTFDDVQAPNYTQHTSSMRGVYYPDEIFRSDTLYLTQDLFLPFYSNVTGFHTINHTFGNPVIPFKDGIYFAATEKSNVVRGWVFGSTMNNKSQSVIIINNSTNVVIRACNFELCDNPFFAVSKPMGTQTHTMIFDNAFNCTFEYISDAFSLDVSEKSGNFKHLREFVFKNKDGFLYVYKGYQPIDVVRDLPSGFNTLKPIFKLPLGINITNFRAILTAFSPAQDIWGTSAAAYFVGYLKPTTFMLKYDENGTITDAVDCSQNPLAELKCSVKSFEIDKGIYQTSNFRVVPSGDVVRFPNITNRCPFDSIFNASRFPSVYAWERTKISDCVADYTVLYNSTLFSTFKCYGVSPSKLIDLCFTSVYADTFLIRFSEVRQVAPGETGVIADYNYRLPDDFTGCVIAWNTANQDVGSYFYRSHRSTKLKPFERDLSSDENGVRTLSTYDFNPNVPLDYQATRVVVLSFELLNAPATVCGPKLSTELVKNQCVNFNFNGLTGTGVLTPSSKRFQPFQQFGRDVSDFTDSVRDPKTSEILDISPCSFGGVSVITPGTNASSEVAVLYQDVNCTDVSTAIHADQLTPAWRIYSTGNNVFQTQAGCLIGAEHVDTSYECDIPIGAGICASYHTVSLLRSTSQKSIVAYTMSLGADSSIAYSNNTIAIPTNFSISITTEVMPVSMAKTSVDCNMYICGDSTECANLLLQYGSFCTQLNRALSGIAAEQDRNTREVFAQVKQMYKTPTLKYFGGFNFSQILPDPLKPTKRSFIEDLLFNKVTLADAGFMKQYGECLGDINARDLICAQKFNGLTVLPPLLTDDMIAAYTAALVSGTATAGWTFGAGAALQIPFAMQMAYRFNGIGVTQNVLYENQKQIANQFNKAISQIQESLTTTSTALGKLQDVVNQNAQALNTLVKQLSSNFGAISSVLNDILSRLDKVEAEVQIDRLITGRLQSLQTYVTQQLIRAAEIRASANLAATKMSECVLGQSKRVDFCGKGYHLMSFPQAAPHGVVFLHVTYVPSQERNFTTAPAICHEGKAYFPREGVFVFNGTSWFITQRNFFSPQIITTDNTFVSGNCDVVIGIINNTVYDPLQPELDSFKEELDKYFKNHTSPDVDLGDISGINASVVNIQKEIDRLNEVAKNLNESLIDLQELGKYEQYIKWPWYVWLGFIAGLIAIVMVTILLCCMTSCCSCLKGACSCGSCCKFDEDDSDPVLKGVKLHYTGGTETSQVAPA*,1262
RBD,Rs4084,ATO98132.1,,Rhinolophus sinicus,RVAPSKEVVRFPNITNLCPFGEVFNATTFPSVYAWERKRISNCVADYSILYNSTSFSTFKCYGVSATKLNDLCFSNVYADSFVVKGDDVRQIAPGQTGVIADYNYKLPDDFLGCVLAWNTNSKDSSTSGNYNYLYRWVRRSKLNPYERDLSNDIYSPGGQSCSAVGPNCYNPLRPYGFFTTAGVGHQPYRVVVLSFELLNAPATVCGPKLSTDLIKNQCVNF,222,GGQSCSAVGPNCY,2,1,untested,NA,NA
RBD,RsSHC014,AGZ48806.1,,Rhinolophus sinicus,RVAPSKEVVRFPNITNLCPFGEVFNATTFPSVYAWERKRISNCVADYSVLYNSTSFSTFKCYGVSATKLNDLCFSNVYADSFVVKGDDVRQIAPGQTGVIADYNYKLPDDFLGCVLAWNTNSKDSSTSGNYNYLYRWVRRSKLNPYERDLSNDIYSPGGQSCSAVGPNCYNPLRPYGFFTTAGVGHQPYRVVVLSFELLNAPATVCGPKLSTDLIKNQCVNF,222,GGQSCSAVGPNCY,2,1,untested,NA,NA
RBD,Rs4231,KY417146.1,,Rhinolophus sinicus,RVAPSKEVVRFPNITNLCPFGEVFNATTFPSVYAWERKRISNCVADYSVLYNSTSFSTFKCYGVSATKLNDLCFSNVYADSFVVKGDDVRQIAPGQTGVIADYNYKLPDDFLGCVLAWNTNSKDSSTSGNYNYLYRWVRRSKLNPYERDLSNDIYSPGGQSCSAIGPNCYNPLRPYGFFTTAGVGHQPYRVVVLSFELLNAPATVCGPKLSTDLIKNQCVNF,222,GGQSCSAIGPNCY,2,1,untested,NA,NA
RBD,LYRa11,AHX37558.1,,Rhinolophus affinis,RVSPSKEVVRFPNITNLCPFGEVFNATTFPSVYAWERKRISNCVADYSVLYNSTSFSTFKCYGVSAIKLNDLCFSNVYADSFVVKGDDVRQIAPGQTGVIADYNYKLPDDFMGCVLAWNTRNIDATSSGNFNYKYRSLRHGKLRPFERDISNVPFSPDGKPCTPPAFNCYWPLNDYGFYTTNGIGYQPYRVVVLSFELLNAPATVCGPKLSTDLITNQCVNF,222,DGKPCTPPAFNCY,2,1,untested,NA,NA
RBD,Rs7327,ATO98218.1,,Rhinolophus sinicus,RVAPSKEVVRFPNITNLCPFGEVFNATTFPSVYAWERKRISNCVADYSVLYNSTSFSTFKCYGVSATKLNDLCFSNVYADSFVVKGDDVRQIAPGQTGVIADYNYKLPDDFMGCVLAWNTRNIDATSTGNYNYKYRSLRHGKLRPFERDISNVPFSPDGKPCTPPAFNCYWPLNDYGFFTTNGIGYQPYRVVVLSFELLNAPATVCGPKLSTDLIKNQCVNF,222,DGKPCTPPAFNCY,2,1,untested,NA,NA
RBD,Rp3,Q3I5J5.1,,Rhinolophus pearsonii,RVSPTQEVIRFPNITNRCPFDKVFNATRFPNVYAWERTKISDCVADYTVLYNSTSFSTFKCYGVSPSKLIDLCFTSVYADTFLIRSSEVRQVAPGETGVIADYNYKLPDDFTGCVIAWNTAKQDQGQYYYRSHRKTKLKPFERDLSSDENGVRTLSTYDFYPSVPVAYQATRVVVLSFELLNAPATVCGPKLSTQLVKNQCVNF,204,YDFYPSVPVAYQA,0,2,G776G_pcDNA3_SARS1-Rp3(RBD),MPMGSLQPLATLYLLGMLVASVLASGSDLDRCTTFDDVQAPNYTQHTSSMRGVYYPDEIFRSDTLYLTQDLFLPFYSNVTGFHTINHTFGNPVIPFKDGIYFAATEKSNVVRGWVFGSTMNNKSQSVIIINNSTNVVIRACNFELCDNPFFAVSKPMGTQTHTMIFDNAFNCTFEYISDAFSLDVSEKSGNFKHLREFVFKNKDGFLYVYKGYQPIDVVRDLPSGFNTLKPIFKLPLGINITNFRAILTAFSPAQDIWGTSAAAYFVGYLKPTTFMLKYDENGTITDAVDCSQNPLAELKCSVKSFEIDKGIYQTSNFRVSPTQEVIRFPNITNRCPFDKVFNATRFPNVYAWERTKISDCVADYTVLYNSTSFSTFKCYGVSPSKLIDLCFTSVYADTFLIRSSEVRQVAPGETGVIADYNYKLPDDFTGCVIAWNTAKQDQGQYYYRSHRKTKLKPFERDLSSDENGVRTLSTYDFYPSVPVAYQATRVVVLSFELLNAPATVCGPKLSTQLVKNQCVNFNFNGLTGTGVLTPSSKRFQPFQQFGRDVSDFTDSVRDPKTSEILDISPCSFGGVSVITPGTNASSEVAVLYQDVNCTDVSTAIHADQLTPAWRIYSTGNNVFQTQAGCLIGAEHVDTSYECDIPIGAGICASYHTVSLLRSTSQKSIVAYTMSLGADSSIAYSNNTIAIPTNFSISITTEVMPVSMAKTSVDCNMYICGDSTECANLLLQYGSFCTQLNRALSGIAAEQDRNTREVFAQVKQMYKTPTLKYFGGFNFSQILPDPLKPTKRSFIEDLLFNKVTLADAGFMKQYGECLGDINARDLICAQKFNGLTVLPPLLTDDMIAAYTAALVSGTATAGWTFGAGAALQIPFAMQMAYRFNGIGVTQNVLYENQKQIANQFNKAISQIQESLTTTSTALGKLQDVVNQNAQALNTLVKQLSSNFGAISSVLNDILSRLDKVEAEVQIDRLITGRLQSLQTYVTQQLIRAAEIRASANLAATKMSECVLGQSKRVDFCGKGYHLMSFPQAAPHGVVFLHVTYVPSQERNFTTAPAICHEGKAYFPREGVFVFNGTSWFITQRNFFSPQIITTDNTFVSGNCDVVIGIINNTVYDPLQPELDSFKEELDKYFKNHTSPDVDLGDISGINASVVNIQKEIDRLNEVAKNLNESLIDLQELGKYEQYIKWPWYVWLGFIAGLIAIVMVTILLCCMTSCCSCLKGACSCGSCCKFDEDDSDPVLKGVKLHYTGGTETSQVAPA,1261
RBD,Rs3367,AGZ48818.1,,Rhinolophus sinicus,RVAPSKEVVRFPNITNLCPFGEVFNATTFPSVYAWERKRISNCVADYSVLYNSTSFSTFKCYGVSATKLNDLCFSNVYADSFVVKGDDVRQIAPGQTGVIADYNYKLPDDFTGCVLAWNTRNIDATQTGNYNYKYRSLRHGKLRPFERDISNVPFSPDGKPCTPPAFNCYWPLNDYGFYITNGIGYQPYRVVVLSFELLNAPATVCGPKLSTDLIKNQCVNF,222,DGKPCTPPAFNCY,2,1,untested,NA,NA
RBD,WIV16,ALK02457.1,,Rhinolophus sinicus,RVAPSKEVVRFPNITNLCPFGEVFNATTFPSVYAWERKRISNCVADYSVLYNSTSFSTFKCYGVSATKLNDLCFSNVYADSFVVKGDDVRQIAPGQTGVIADYNYKLPDDFTGCVLAWNTRNIDATQTGNYNYKYRSLRHGKLRPFERDISNVPFSPDGKPCTPPAFNCYWPLNDYGFYITNGIGYQPYRVVVLSFELLNAPATVCGPKLSTDLIKNQCVNF,222,DGKPCTPPAFNCY,2,1,untested,NA,NA
RBD,LYRa3,AHX37569.1,,Rhinolophus affinis,RVSPSREVVRFPNITNLCPFGEVFNATTFPSVYAWERKRISNCVADYSVLYNSTSFSTFKCYGVSAIKLNDLCFSNVYADSFVVKGDDVRQIAPGQTGVIADYNYKLPDDFMGCVLAWNTRNIDATSSGNFHYKYRSLRHGKLRPFERDISNVPFSPDGKPCTPPAFNCYWPLNDYGFYTTNGIGYQPYRVVVLSFELLNAPATVCGPKLSTDLITNQCVNF,222,DGKPCTPPAFNCY,2,1,untested,NA,NA
RBD,CS24,ABF68959.1,,Paradoxurus hermaphroditus,RVVPSGDVVRFPNITNLCPFGEVFNATKFPSVYAWERKKISNCVADYSVLYNSTFFSTFKCYGVSATKLNDLCFSNVYADSFVVKGDDVRQIAPGQTGVIADYNYKLPDDFMGCVLAWNTRNIDATSTGNYNYKYRYLRHGKLRPFERDISNVPFSPDGKPCTPPAPNCYWPLNDYGFYTTSGIGYQPYRVVVLSFELLNAPATVCGPKLSTDLIKNQCVNF,222,DGKPCTPPAPNCY,2,1,untested,NA,NA
RBD,MP789,QIG55945.1,,Manis javanica,RVQPTESIVRFPNITNLCPFGEVFNATTFASVYAWNRKRISNCVADYSVLYNSTSFSTFKCYGVSPTKLNDLCFTNVYADSFVVRGDEVRQIAPGQTGRIADYNYKLPDDFTGCVIAWNSNNLDSKVGGNYNYLYRLFRKSNLKPFERDISTEIYQAGSTPCNGVEGFNCYFPLQSYGFHPTNGVGYQPYRVVVLSFELLKAPATVCGPKQSTNLVKNKCVNF,223,GSTPCNGVEGFNC,2,1,untested,NA,NA
RBD,RaTG13,QHR63300.2,,Rhinolophus affinis,RVQPTDSIVRFPNITNLCPFGEVFNATTFASVYAWNRKRISNCVADYSVLYNSTSFSTFKCYGVSPTKLNDLCFTNVYADSFVITGDEVRQIAPGQTGKIADYNYKLPDDFTGCVIAWNSKHIDAKEGGNFNYLYRLFRKANLKPFERDISTEIYQAGSKPCNGQTGLNCYYPLYRYGFYPTDGVGHQPYRVVVLSFELLNAPATVCGPKKSTNLVKNKCVNF,223,GSKPCNGQTGLNC,2,1,untested,NA,NA
RBD,HeB2013,AIA62290.1,,Rhinolophus ferrumequinum,RVSPVTEVVRFPNITNLCPFDKVFNATRFPSVYAWERTKISDCVADYTVFYNSTSFSTFNCYGVSPSKLIDLCFTSVYADTFLIRFSEVRQVAPGQTGVIADYNYKLPDDFTGCVIAWNTAKQDVGSYFYRSHRSSKLKPFERDLSSEENGVRTLSTYDFNQYVPLEYQATRVVVLSFELLNAPATVCGPKLSTSLVKNQCVNF,204,YDFNQYVPLEYQA,0,2,untested,NA,NA
RBD,Rf1,ABD75323.1,,Rhinolophus ferrumequinum,RVSPVTEVVRFPNITNLCPFDKVFNATRFPSVYAWERTKISDCVADYTVFYNSTSFSTFNCYGVSPSKLIDLCFTSVYADTFLIRFSEVRQVAPGQTGVIADYNYKLPDDFTGCVIAWNTAKQDVGSYFYRSHRSSKLKPFERDLSSEENGVRTLSTYDFNQNVPLEYQATRVVVLSFELLNAPATVCGPKLSTSLVKNQCVNF,204,YDFNQNVPLEYQA,0,2,untested,NA,NA
RBD,273-2005,ABG47060.1,,Rhinolophus ferrumequinum,RVSPVTEVVRFPNITNLCPFDKVFNATRFPSVYAWERTKISDCVADYTVFYNSTSFSTFNCYGVSPSKLIDLCFTSVYADTFLIRFSEVRQVAPGQTGVIADYNYKLPDDFTGCVIAWNTAKQDVGSYFYRSHRSSKLKPFERDLSSVEENGRTLSTYDFNQNVPLEYQATRVVVLSFELLNAPATVCGPKLSTSLVKNQCVNF,204,YDFNQNVPLEYQA,0,2,untested,NA,NA
RBD,JL2012,AIA62277.1,,Rhinolophus ferrumequinum,RVQPTVDVARFPNITNVCPFDKVFNATRFPSVYAWERTKISDCVADYTVFYNSTSFSTFNCYGVSPSKLIDLCFTSVYADTFLIRFSEVRQVAPGQTGVIADYNYKLPDDFIGCVIAWNTAKQDVGSYFYRSHRSSKLKPFERDLSSEENGVLTLSTYDFNQNVPLEYQATRVVVLSFELLNAPATVCGPKLSTPLVKNQCVNF,204,YDFNQNVPLEYQA,0,2,untested,NA,NA
RBD,ZC45,AVP78031.1,,Rhinolophus sinicus,RVQPTQSVVRFPNITNVCPFHKVFNATRFPSVYAWERTKISDCIADYTVFYNSTSFSTFKCYGVSPSKLIDLCFTSVYADTFLIRFSEVRQVAPGQTGVIADYNYKLPDDFTGCVIAWNTAKQDVGNYFYRSHRSTKLKPFERDLSSDENGVRTLSTYDFNPNVPLEYQATRVVVLSFELLNAPATVCGPKLSTQLVKNQCVNF,204,YDFNPNVPLEYQA,0,2,untested,NA,NA
RBD,ZXC21,AVP78042.1,,Rhinolophus sinicus,RVQPTQSIVRFPNITNVCPFHKVFNATRFPSVYAWERTKISDCIADYTVFYNSTSFSTFKCYGVSPSKLIDLCFTSVYADTFLIRFSEVRQVAPGQTGVIADYNYKLPDDFTGCVIAWNTAKQDTGHYFYRSHRSTKLKPFERDLSSDENGVRTLSTYDFNPNVPLEYQATRVVVLSFELLNAPATVCGPKLSTQLVKNQCVNF,204,YDFNPNVPLEYQA,0,2,untested,NA,NA
RBD,Rf4092,ATO98145.1,,Rhinolophus ferrumequinum,RVQPTVDVVRFPNITNLCPFDAVFNATRFPSVYAWERVKISNCVADYTAFYNSTSFSTFKCYGVSPSKLIDLCFTSVYADTFLIRFSEVRQVAPGETGVIADYNYKLPDDFTGCVIAWNTAKQDVGSYFYRSHRSSKLKPFERDLSSDENGVRTLSTYDFNPNVPLDYQATRVVVLSFELLNAPATVCGPKLSTQLVKNQCVNF,204,YDFNPNVPLDYQA,0,2,untested,NA,NA
RBD,As6526,ATO98108.1,,Aselliscus stoliczkanus,RVSPTQEVVRFPNITNRCPFDKVFNATRFPSVYAWERTKISDCVADYTVLYNSTSFSTFKCYGVSPSKLIDLCFTSVYADTFLIRSSEVRQVAPGETGVIADYNYKLPDDFTGCVIAWNTAQQDKGQYYYRSSRKTKLKPFERDLSSDENGVRTLSTYDFYPTVPIEYQATRVVVLSFELLNAPATVCGPKLSTGLVKNQCVNF,204,YDFYPTVPIEYQA,0,2,untested,NA,NA
RBD,Rs4081,ATO98120.1,,Rhinolophus sinicus,RVSPTHEVVRFPNITNRCPFDKVFNASRFPNVYAWERTKISDCVADYTVLYNSTSFSTFKCYGVSPSKLIDLCFTSVYADTFLIRSSEVRQVAPGETGVIADYNYKLPDDFTGCVIAWNTAKQDQGQYYYRSSRKTKLKPFERDLTSDENGVRTLSTYDFYPNVPIEYQATRVVVLSFELLNAPATVCGPKLSTALVKNQCVNF,204,YDFYPNVPIEYQA,0,2,untested,NA,NA
RBD,Shaanxi2011,AGC74165.1,,Rhinolophus pusillus,RVSPTQEVVRFPNITNRCPFDKVFNATRFPSVYAWERTKISDCVADYTVLYNSTSFSTFKCYGVSPSKLIDLCFTSVYADTFLIRSSEVRQVAPGETGVIADYNYKLPDDFTGCVIAWNTANQDQGQYYYRSSRKEKLKPFERDLSSDENGVYTLSTYDFYPSVPLDYQATRVVVLSFELLNAPATVCGPKLSTTLVKNQCVNF,204,YDFYPSVPLDYQA,0,2,untested,NA,NA
RBD,279-2005,ABG47069.1,,Rhinolophus macrotis,RVTPTQEVVRFPNITNRCPFDKVFNASRFPNVYAWERTKISDCVADYTVLYNSTSFSTFKCYGVSPSKLIDLCFTSVYADTFLIRSSEVRQVAPGETGVIADYNYKLPDDFTGCVIAWNTAQQDQGQYYYRSYRKEKLKPFERDLSSDENGVYTLSTYDFYPSIPVEYQATRVVVLSFELLNAPATVCGPKLSTQLVKNQCVNF,204,YDFYPSIPVEYQA,0,2,untested,NA,NA
RBD,MLHJC35,ANA96090.1,,Rhinolophus sinicus,RVSPSTEVVRFPNITNRCPFDRVFNASRFPSVYAWERTKISDCVADYTVLYNSTSFSTFKCYGVSPSKLIDLCFTSVYADTFLIRSSEVRQVAPGETGVIADYNYKLPDEFTGCVIAWNTAKQDQGQYYYRSSRKTKLKPFERDLSSDENGVRTLSTYDFYPTVPIEYQATRVVVLSFELLNAPATVCGPKLSTQLIKNQCVNF,204,YDFYPTVPIEYQA,0,2,untested,NA,NA
RBD,Yunnan2011,AGC74176.1,,Chaerephon plicata,RVSPSTEVIRFPNITNRCPFDRVFNASRFPSVYAWERTKISDCVADYTVLYNSTSFSTFKCYGVSPSKLIDLCFTSVYADTFLIRFSEVRQIAPGETGVIADYNYKLPDEFTGCVIAWNTANQDRGQYYYRSSRKTKLKPFERDLSSDENGVRTLSTYDFYPSVPLEYQATRVVVLSFELLNAPATVCGPKLSTSLIKNQCVNF,204,YDFYPSVPLEYQA,0,2,untested,NA,NA
RBD,GX2013,AIA62320.1,,Rhinolophus sinicus,RVSPTQEVVRFPNITNRCPFDKVFNATRFPNVYAWERTKISDCVADYTVLYNSTSFSTFKCYGVSPSKLIDLCFTSVYADTFLIRSSEVRQVAPGETGVIADYNYKLPDDFTGCVIAWNTAKQDTGNYYYRSHRKTKLKPFERDLSSDDGNGVYTLSTYDFNPNVPVAYQATRVVVLSFELLNAPATVCGPKLSTQLVKNQCVNF,205,TYDFNPNVPVAYQ,0,2,untested,NA,NA
RBD,Rs4247,ATO98181.1,,Rhinolophus sinicus,RVSPTQEVIRFPNITNRCPFDKVFNASRFPNVYAWERTKISDCVADYTVLYNSTSFSTFKCYGVSPSKLIDLCFTSVYADTFLIRSSEVRQVAPGETGVIADYNYKLPDDFTGCVIAWNTAKQDTGHYYYRSHRKTKLKPFERDLSSDDGNGVYTLSTYDFNPNVPVAYQATRVVVLSFELLNAPATVCGPKLSTQLVKNQCVNF,205,TYDFNPNVPVAYQ,0,2,untested,NA,NA
RBD,HKU3-13,ADE34823.1,,Rhinolophus sinicus,RVSPTQEVIRFPNITNRCPFDKVFNATRFPNVYAWERTKISDCVADYTVLYNSTSFSTFKCYGVSPSKLIDLCFTSVYADTFLIRSSEVRQVAPGETGVIADYNYKLPDDFTGCVIAWNTAKHDTGNYYYRSHRKTKLKPFERDLSSDDGNGVYTLSTYDFNPNVPVAYQATRVVVLSFELLNAPATVCGPKLSTELVKNQCVNF,205,TYDFNPNVPVAYQ,0,2,untested,NA,NA
RBD,HKU3-8,ADE34766.1,,Rhinolophus sinicus,RVSPTQEVIRFPNITNRCPFDRVFNASRFPSVYAWERTKISECVADYTVLYNSTSFSTFKCYGVSPSKLIDLCFTSVYADTFLIRSSEVRQVAPGETGVIADYNYKLPDDFTGCVIAWNTAKQDTGNYYYRSHRKTKLKPFERDLSSDDGNGVYTLSTYDFNPNVPVAYQATRVVVLSFELLNAPATVCGPKLSTQLVKNQCVNF,205,TYDFNPNVPVAYQ,0,2,untested,NA,NA
RBD,Longquan-140,AID16716.1,,Rhinolophus monoceros,RVSPTQEVIRFPNITNRCPFDKVFNVTRFPNVYAWERTKISDCVADYTVLYNSTSFSTFKCYGVSPSKLIDLCFTSVYADTFLIRSSEVRQVAPGETGVIADYNYKLPDDFTGCVIAWNTAKQDIGNYYYRSHRKTKLKPFERDLSSDDGNGVYTLSTYDFNPNVPVAYQATRVVVLSFELLNAPATVCGPKLSTQLVKNQCVNF,205,TYDFNPNVPVAYQ,0,2,untested,NA,NA
RBD,BtRI-SC2018,QDF43815.1,,Rhinolophus,RVSPTQEVVRFPNITNRCPFDKVFNASRFPSVYAWERIKISDCVADYTVLYNSTSFSTFKCYGVSPSKLIDLCFTSVYADTFLIRSSEVRQVAPGETGVIADYNYKLPDDFTGCVIAWNTAKQDTGSYYYRSHRKTKLKPFERDLSSDDGNGVYTLSTYDFNPNVPVAYQATRVVVLSFELLNAPATVCGPKLSTQLVKNQCVNF,205,TYDFNPNVPVAYQ,0,2,untested,NA,NA
RBD,Rs806-2006,ACU31051.1,,Rhinolophus sinicus,RVSPTQEVVRFPNITNRCPFDKVFNATRFPNVYAWERTKISDCVADYTVLYNSTSFSTFKCYGVSPSKLIDLCFTSVYADTFLIRSSEVRQVAPGETGVIADYNYKLPDDFTGCVIAWNTAKQDTGNYYYRSHRKTKLKPFERDLSSDDDGVYTLSTYDFNPNVPVAYQATRVVVLSFELLNAPATVCGPKLSTQLVKNQCVNF,204,YDFNPNVPVAYQA,0,2,untested,NA,NA
RBD,HuB2013,AIA62310.1,,Rhinolophus sinicus,RVTPTQEVVRFPNITNRCPFDRVFNASRFPSVYAWERTKISDCVADYTVLYNSTSFSTFKCYGVSPSKLIDLCFTSVYADTFLIRSSEVRQVAPGETGVIADYNYKLPDDFTGCVIAWNTAKQDTGYYYYRSHRKTKLKPFERDLSSDDGNGVYTLSTYDFNPNVPVAYQATRVVVLSFELLNAPATVCGPKLSTELVKNQCVNF,205,TYDFNPNVPVAYQ,0,2,untested,NA,NA
RBD,RaTG15,UFP05053,GWHBAUP01000000,Rhinolophus affinis,RVTPSQSVARYPNITNLCPFSQVFNATRFPSVYAWTRERISNCIADYSVLYNSTSFSTFRCYGVSPTKLNDLCFSNVYADSMVVRGDEVRQIAPSQTGVIADYNYKLPDDFTGCVIAWNSKAKDENGQYFYRLFRKSKLLPFQRDVSNVTYGSGKNDGCNPSEADCYWPLLKYGFTGSVSQDYQPYRVVVLSFELLNAPATVCGPKRSTELVYNKCVNF,219,GCNPSEADCYWPL,2,4,untested,NA,NA
RBD,Rs7907,UFP05043,GWHBAUO01000000,Rhinolophus stheno,RVTPSQSVARYPNITNLCPFSQVFNATRFPSVYAWTRERISNCIADYSVLYNSTSFSTFRCYGVSPTKLNDLCFSNVYADSMVVRGDEVRQIAPSQTGVIADYNYKLPDDFTGCVIAWNSKAKDENGQYFYRLFRKSKLLPFQRDVSNVTYGSGKNDGCNPSEADCYWPLLKYGFTGSVSQDYQPYRVVVLSFELLNAPATVCGPKRSTELVYNKCVNF,219,GCNPSEADCYWPL,2,4,untested,NA,NA
RBD,Rs7905,UFP05033,GWHBAUN01000000,Rhinolophus stheno,RVTPSQSVARYPNITNLCPFSQVFNATRFPSVYAWTRERISNCIADYSVLYNSTSFSTFRCYGVSPTKLNDLCFSNVYADSMVVRGDEVRQIAPSQTGVIADYNYKLPDDFTGCVIAWNSKAKDENGQYFYRLFRKSKLLPFQRDVSNVTYGSGKNDGCNPSEADCYWPLLKYGFTGSVSQDYQPYRVVVLSFELLNAPATVCGPKRSTELVYNKCVNF,219,GCNPSEADCYWPL,2,4,untested,NA,NA
RBD,Rs7986,UFP05023,GWHBAUM01000000,Rhinolophus stheno,RVTPSQSVARYPNITNLCPFSQVFNATRFPSVYAWTRERISNCIADYSVLYNSTSFSTFRCYGVSPTKLNDLCFSNVYADSMVVRGDEVRQIAPSQTGVIADYNYKLPDDFTGCVIAWNSKAKDENGQYFYRLFRKSKLLPFQRDVSNVTYGSGKNDGCNPSEADCYWPLLKYGFTGSVSQDYQPYRVVVLSFELLNAPATVCGPKRSTELVYNKCVNF,219,GCNPSEADCYWPL,2,4,untested,NA,NA
RBD,Rs7921,UFP05063,GWHBAUQ01000000,Rhinolophus stheno,RVTPSQSVARYPNITNLCPFSQVFNATRFPSVYAWTRERISNCIADYSVLYNSTSFSTFRCYGVSPTKLNDLCFSNVYADSMVVRGDEVRQIAPSQTGVIADYNYKLPDDFTGCVIAWNSKAKDENGQYFYRLFRKSKLLPFQRDVSNVTYGSGKNDGCNPSEADCYWPLLKYGFTGSVSQDYQPYRVVVLSFELLNAPATVCGPKRSTELVYNKCVNF,219,GCNPSEADCYWPL,2,4,untested,NA,NA
RBD,Rs7924,UFP05073,GWHBAUR01000000,Rhinolophus stheno,RVTPSQSVARYPNITNLCPFSQVFNATRFPSVYAWTRERISNCIADYSVLYNSTSFSTFRCYGVSPTKLNDLCFSNVYADSMVVRGDEVRQIAPSQTGVIADYNYKLPDDFTGCVIAWNSKAKDENGQYFYRLFRKSKLLPFQRDVSNVTYGSGKNDGCNPSEADCYWPLLKYGFTGSVSQDYQPYRVVVLSFELLNAPATVCGPKRSTELVYNKCVNF,219,GCNPSEADCYWPL,2,4,untested,NA,NA
RBD,Rs7931,UFP05083,GWHBAUS01000000,Rhinolophus stheno,RVTPSQSVARYPNITNLCPFSQVFNATRFPSVYAWTRERISNCIADYSVLYNSTSFSTFRCYGVSPTKLNDLCFSNVYADSMVVRGDEVRQIAPSQTGVIADYNYKLPDDFTGCVIAWNSKAKDENGQYFYRLFRKSKLLPFQRDVSNVTYGSGKNDGCNPSEADCYWPLLKYGFTGSVSQDYQPYRVVVLSFELLNAPATVCGPKRSTELVYNKCVNF,219,GCNPSEADCYWPL,2,4,untested,NA,NA
RBD,Rs7952,UFP05093,GWHBAUT01000000,Rhinolophus stheno,RVTPSQSVARYPNITNLCPFSQVFNATRFPSVYAWTRERISNCIADYSVLYNSTSFSTFRCYGVSPTKLNDLCFSNVYADSMVVRGDEVRQIAPSQTGVIADYNYKLPDDFTGCVIAWNSKAKDENGQYFYRLFRKSKLLPFQRDVSNVTYGSGKNDGCNPSEADCYWPLLKYGFTGSVSQDYQPYRVVVLSFELLNAPATVCGPKRSTELVYNKCVNF,219,GCNPSEADCYWPL,2,4,untested,NA,NA
RBD,RacCS203,QQM18864.1,,Rhinolophus acuminatus,RVLPSTEVVRFPNITNFCPFDKVFNATRFPNVYAWQRTKISDCIADYTVLYNSTSFSTFKCYGVSPSKLIDLCFTSVYADTFLIRFSEVRQIAPGETGVIADYNYKLPDDFTGCVLAWNTAKQDIGSYFYRSHRAVKLKPFERDLSSDENGVRTLSTYDFNPNVPLDYQATRVVVLSFELLNAPATVCGPKLSTQLVKNRCVNF,204,YDFNPNVPLDYQA,0,2,untested,NA,NA
RBD,Rc-o319,BCG66627.1,,Rhinolophus cornutus,RVQPQDTVVRFPNITNLCPFSEVFNATTFASVYAWNRKRISNCVADYSVLYNSTSFSTFQCYGVSSTKLNDLCFTNVYADSFVVRGDEVRQIAPGQTGVIADYNYKLPDDFTGCVLAWNSRNQDASTSGNFNYYYRIWRSEKLRPFERDIAHYDYQVGTQFKSSLKNYGFYSSAGDSHQPYRVVVLSFELLNAPATVCGPKQSTELIKNKCVNF,214,GTQFKSSLKNYGF,0,5,untested,NA,NA
RBD,RsYN04,QWN56242.1,,Rhinolophus stheno,RVTPSQSVARYPNITNLCPFSQVFNATRFPSVYAWTRERISNCIADYSVLYNSTSFSTFRCYGVSPTKLNDLCFSNVYADSMVVRGDEVRQIAPSQTGVIADYNYKLPDDFTGCVIAWNSKAKDENGQYFYRLFRKSKLLPFQRDVSNVTYGSGKNDGCNPSEADCYWPLLKYGFTSSVSQDYQPYRVVVLSFELLNAPATVCGPKRSTELVYNKCVNF,219,GCNPSEADCYWPL,2,1,untested,NA,NA
RBD,RmYN08,QWN56222.1,,Rhinolophus malayanus,RVTPSQSVARYPNITNLCPFSQVFNATRFPSVYAWTRERISNCIADYSVLYNSTSFSTFRCYGVSPTKLNDLCFSNVYADSMVVRGDEVRQIAPSQTGVIADYNYKLPDDFTGCVIAWNSKAKDENGQYFYRLFRKSKLLPFQRDVSNVTYGSGKNDGCNPSEADCYWPLLKYGFTSSVSQDYQPYRVVVLSFELLNAPATVCGPKRSTELVYNKCVNF,219,GCNPSEADCYWPL,2,1,untested,NA,NA
RBD,RmYN05,QWN56202.1,,Rhinolophus malayanus,RVTPSQSVARYPNITNLCPFSQVFNATRFPSVYAWTRERISNCIADYSVLYNSTSFSTFRCYGVSPTKLNDLCFSNVYADSMVVRGDEVRQIAPSQTGVIADYNYKLPDDFTGCVIAWNSKAKDENGQYFYRLFRKSKLLPFQRDVSNVTYGSGKNDGCNPSEADCYWPLLKYGFTSSVSQDYQPYRVVVLSFELLNAPATVCGPKRSTELVYNKCVNF,219,GCNPSEADCYWPL,2,1,untested,NA,NA
RBD,YNLF_34C,AKZ19087,,Rhinolophus ferrumequinum,RVAPVTEVVRFPNITNLCPFDKVFNATRFPSVYAWERTKISDCVADYTVFYNSTSFSTFNCYGVSPSKLIDLCFTSVYADTFLIRFSEVRQVAPGQTGVIADYNYKLPDDFTGCVIAWNTAKYDVGSYFYRSHRSSKLKPFERDLSSEENGARTLSTYDFNQNVPLEYQATRVVVLSFELLNAPATVCGPKLSTSLVKNQCVNF,204,YDFNQNVPLEYQA,0,2,untested,NA,NA
RBD,Rs4874,ATO98205,,Rhinolophus sinicus,RVAPSKEVVRFPNITNLCPFGEVFNATTFPSVYAWERKRISNCVADYSVLYNSTSFSTFKCYGVSATKLNDLCFSNVYADSFVVKGDDVRQIAPGQTGVIADYNYKLPDDFTGCVLAWNTRNIDATQTGNYNYKYRSLRHGKLRPFERDISNVPFSPDGKPCTPPAFNCYWPLNDYGFYITNGIGYQPYRVVVLSFELLNAPATVCGPKLSTDLIKNQCVNF,222,DGKPCTPPAFNCY,2,1,untested,NA,NA
RBD,HKU3-7,ADE34755.1,,Rhinolophus,RVSPTQEVIRFPNITNRCPFDRVFNASRFPSVYAWERTKISECVADYTVLYNSTSFSTFKCYGVSPSKLIDLCFTSVYADTFLIRSSEVRQVAPGETGVIADYNYKLPDDFTGCVIAWNTAKQDTGNYYYRSHRKTKLKPFERDLSSDDGNGVYTLSTYDFNPNVPVAYQATRVVVLSFELLNAPATVCGPKLSTQLVKNQCVNF,205,TYDFNPNVPVAYQ,0,2,untested,NA,NA
RBD,YNLF_31C,AKZ19076,,Rhinolophus ferrumequinum,RVAPVTEVVRFPNITNLCPFDKVFNATRFPSVYAWERTKISDCVADYTVFYNSTSFSTFNCYGVSPSKLIDLCFTSVYADTFLIRFSEVRQVAPGQTGVIADYNYKLPDDFTGCVIAWNTAKYDVGSYFYRSHRSSKLKPFERDLSSEENGARTLSTYDFNQNVPLEYQATRVVVLSFELLNAPATVCGPKLSTSLVKNQCVNF,204,YDFNQNVPLEYQA,0,2,untested,NA,NA
RBD,Jiyuan-84,ARI44809,,Rhinolophus ferrumequinum,RVSPVTEVVRFPNITNLCPFDKVFNATRFPSVYAWERTKISDCVADYTVFYNSTSFSTFNCYGVSPSKLIDLCFTSVYADTFLIRFSEVRQVAPGQTGVIADYNYKLPDDFTGCVIAWNTAKQDVGSYFYRSHRSSKLKPFERDLSSEENGVRTLSTYDFNQYVPLEYQATRVVVLSFELLNAPATVCGPKLSTSLVKNQCVNF,204,YDFNQYVPLEYQA,0,2,untested,NA,NA
RBD,AH2021A,QZX47310,,Rhinolophus sinicus,RVSPTQEVIRFPNITNRCPFDRVFNATRFPNVYAWERTKISDCVADYTVLYNSTSFSTFKCYGVSPSKLIDLCFTSVYADTFLIRSSEVRQVAPGETGVIADYNYKLPDDFTGCVIAWNTAKQDPGNYYYRSPRQDKLKPFERDLSSDDGNGVYTLSTYDFNPNVPVAYQATRVVVLSFELLNAPATVCGPKLSTQLVKNQCVNF,205,TYDFNPNVPVAYQ,0,2,untested,NA,NA
RBD,GD2019E,QZX47415,,Rhinolophus sinicus,RVSPTQEVIRFPNITNRCPFDKVFNATRFPNVYAWERTKISDCVADYTVLYNSTSFSTFKCYGVSPSKLIDLCFTSVYADTFLIRSSEVRQVAPGETGVIADYNYKLPDDFTGCVIAWNTAKQDTGNYYYRSHRKTKLKPFERDLSSDDGNGVYTLSTYDFNPNVPVAYQATRVVVLSFELLNAPATVCGPKLSTQLVKNQCVNF,205,TYDFNPNVPVAYQ,0,2,untested,NA,NA
RBD,LN2020B,QZX47250,,Rhinolophus ferrumequinum,RVQPTVDVARFPNITNVCPFDKVFNATRFPSVYAWERTKISDCVADYTVFYNSTSFSTFNCYGVSPSKLIDLCFTSVYADTFLIRFSEVRQVAPGQTGVIADYNYKLPDDFIGCVIAWNTAKQDVGSYFYRSHRSSKLKPFERDLSSEENGVLTLSTYDFNQNVPLEYQATRVVVLSFELLNAPATVCGPKLSTPLVKNQCVNF,204,YDFNQNVPLEYQA,0,2,untested,NA,NA
RBD,JX2021AC,QZX47455,,Rhinolophus sinicus,RVSPTNEVVRFPNITNRCPFDSVFNASRFPSVYAWERTKISECVADYTVLYNSTSFSTFKCYGVSPSKLIDLCFTSVYADTFLVRSSEVRQVAPGETGVIADYNYKLPDDFTGCVIAWNTANLDQGQYYYRSHRKTKLKPFERDLSSDENGVRTLSTYDFYPNVPVEYQATRVVVLSFELLNAPATVCGPKLSTPLIKNQCVNF,204,YDFYPNVPVEYQA,0,2,untested,NA,NA
RBD,LN2020F,QZX47265,,Rhinolophus ferrumequinum,RVQPTVDVARFPNITNVCPFDKVFNATRFPSVYAWERTKISDCVADYTVFYNSTSFSTFNCYGVSPSKLIDLCFTSVYADTFLIRFSEVRQVAPGQTGVIADYNYKLPDDFIGCVIAWNTAKQDVGSYFYRSHRSSKLKPFERDLSSEENGVLTLSTYDFNQNVPLEYQATRVVVLSFELLNAPATVCGPKLSTPLVKNQCVNF,204,YDFNQNVPLEYQA,0,2,untested,NA,NA
RBD,YN2020F,QZX47555,,Rhinolophus sinicus,RVAPSKEVVRFPNITNLCPFGEVFNATTFPSVYAWERKRISNCVADYSVLYNSTSFSTFKCYGVSATKLNDLCFSNVYADSFVVKGDDVRQIAPGQTGVIADYNYKLPDDFLGCVLAWNTNSKDSSTSGNYNYLYRWVRRSKLNPYERDLSNDVYSPGGQSCSAVGPNCYNPLRPYGFFTTAGVGHQPYRVVVLSFELLNAPATVCGPKLSTDLIKNQCVNF,222,GGQSCSAVGPNCY,2,1,untested,NA,NA
RBD,GZ2021C,QZX47420,,Rhinolophus sinicus,RVTPTQEVVRFPNITNRCPFDKVFNATRFPNVYAWERTKISDCVADYTVLYNSTSFSTFKCYGVSPSKLIDLCFTSVYADTFLIRSSEVRQVAPGETGVIADYNYKLPDDFTGCVIAWNTAKQDVGSYYYRSHRKTKLKPFERDLSSDDNGVYTLSTYDFNPNVPVAYQATRVVVLSFELLNAPATVCGPKLSTQLVKNQCVNF,204,YDFNPNVPVAYQA,0,2,untested,NA,NA
RBD,JX2021M,QZX47485,,Rhinolophus sinicus,RVSPTNEVVRFPNITNRCPFDRVFNASRFPSVYAWERTKISECVADYTVLYNSTSFSTFKCYGVSPSKLIDLCFTSVYADTFLVRSSEVRQVAPGETGVIADYNYKLPDDFTGCVIAWNTANLDQGQYYYRSHRKAKLKLFERDLSSDENGVRTLSTYDFYPNVPVEYQATRVVVLSFELLNAPATVCGPKLSTPLIKNQCVNF,204,YDFYPNVPVEYQA,0,2,untested,NA,NA
RBD,HKU3-3,AAZ41340,,Rhinolophus,RVSPTQEVIRFPNITNRCPFDKVFNATRFPNVYAWERTKISDCVADYTVLYNSTSFSTFKCYGVSPSKLIDLCFTSVYADTFLIRSSEVRQVAPGETGVIADYNYKLPDDFTGCVIAWNTAKHDTGNYYYRSHRKTKLKPFERDLSSDDGNGVYTLSTYDFNPNVPVAYQATRVVVLSFELLNAPATVCGPKLSTELVKNQCVNF,205,TYDFNPNVPVAYQ,0,2,untested,NA,NA
RBD,HKU3-11,ADE34801,,Rhinolophus,RVSPTQEVIRFPNITNRCPFDKVFNATRFPNVYAWERTKISDCVADYTVLYNSTSFSTFKCYGVSPSKLIDLCFTSVYADTFLIRSSEVRQVAPGETGVIADYNYKLPDDFTGCVIAWNTAKHDTGNYYYRSHRKTKLKPFERDLSSDDGNGVYTLSTYDFNPNVPVAYQATRVVVLSFELLNAPATVCGPKLSTELVKNQCVNF,205,TYDFNPNVPVAYQ,0,2,untested,NA,NA
RBD,YN2016E,QZX47530,,Rhinolophus,RVAPSKEVVRFPNITNLCPFGEVFNATTFPSVYAWERKRISNCVADYSVLYNSTSFSTFKCYGVSATKLNDLCFSNVYADSFVVKGDDVRQIAPGQTGVIADYNYKLPDDFMGCVLAWNTRNIDATSTGNYNYKYRSLRHGKLRPFERDISNVPFSPDGKPCTPPGFDRYWPLNDYGFFTTNGIGYQPYRVVVLSFELLNAPATVCGPKLSTDLIKNQCVNF,222,DGKPCTPPGFDRY,1,1,untested,NA,NA
RBD,GD2017I,QZX47350,,Rhinolophus sinicus,RVSPTHEVIRFPNITNLCPFDKVFNATRFPNVYAWERTKISDCVADYTVLYNSTSFSTFKCYGVSPSKLIDLCFTSVYADTFLIRSSEVRQIAPGETGVIADYNYKLPDDFTGCVIAWNTAKQDTGNYYYRSHRKTKLKPFERDLSSDDGNGVYTLSTYDFNPNVPVAYQATRVVVLSFELLNAPATVCGPKLSTQLVKNQCVNF,205,TYDFNPNVPVAYQ,0,2,untested,NA,NA
RBD,GZ2021I,QZX47430,,Rhinolophus sinicus,RVTPTQEVVRFPNITNRCPFDKVFNATRFPNVYAWERTKISDCVADYTVLYNSTSFSTFKCYGVSPSKLIDLCFTSVYADTFLIRSSEVRQVAPGETGVIADYNYKLPDDFTGCVIAWNTAKQDVGSYYYRSHRKTKLKPFERDLSSDDNGVYTLSTYDFNPNVPVAYQATRVVVLSFELLNAPATVCGPKLSTQLVKNQCVNF,204,YDFNPNVPVAYQA,0,2,untested,NA,NA
RBD,JX2021K,QZX47475,,Rhinolophus sinicus,RVSPTQEVIRFPNITNRCPFDKVFNATRFPNVYAWERTKISDCVADYTVLYNSTSFSTFKCYGVSPSKLVDLCFTSVYADTFLIRSSEVRQVAPGETGVIADYNYKLPDDFTGCVIAWNTAKQDTGNYYYRSHRKTKLKPFERDLSSDDGNGVYTLSTYDFNPNVPVAYQATRVVVLSFELLNAPATVCGPKLSTQLVKNQCVNF,205,TYDFNPNVPVAYQ,0,2,untested,NA,NA
RBD,FJ2021D,QZX47320,,Rhinolophus sinicus,RVSPTQEVIRFPNITNRCPFDKVFNATRFPNVYAWERTKISDCVADYTVLYNSTSFSTFKCYGVSPSKLIDLCFTSVYADTFLIRSSEVRQVAPGETGVIADYNYKLPDDFTGCVIAWNTAKQDTGNYYYRSHRKTKLKPFERDLSSDDGNGVYTLSTYDFNPNVPVAYQATRVVVLSFELLNAPATVCGPKLSTQLVKNQCVNF,205,TYDFNPNVPVAYQ,0,2,untested,NA,NA
RBD,HB2020E,QZX47285,,Rhinolophus,RVSPTQEVVRFPNITNRCPFDKVFNATRFPNVYAWERTKISDCVADYTVLYNSTSFSTFKCYGVSPSKLIDLCFTSVYADTFLIRSSEVRQVAPGETGVIADYNYKLPDDFTGCVIAWNTAKQDTGNYYYRSHRKTKLKPFERDLSSDDDGVYTLSTYDFNPNVPVAYQATRVVVLSFELLNAPATVCGPKLSTQLVKNQCVNF,204,YDFNPNVPVAYQA,0,2,untested,NA,NA
RBD,LN2020C,QZX47255,,Rhinolophus ferrumequinum,RVQPTVDVARFPNITNVCPFDKVFNATRFPSVYAWERTKISDCVADYTVFYNSTSFSTFNCYGVSPSKLIDLCFTSVYADTFLIRFSEVRQVAPGQTGVIADYNYKLPDDFIGCVIAWNTAKQDVGSYFYRSHRSSKLKPFERDLSSEENGVLTLSTYDFNQNVPLEYQATRVVVLSFELLNAPATVCGPKLSTPLVKNQCVNF,204,YDFNQNVPLEYQA,0,2,untested,NA,NA
RBD,JX2021C,QZX47460,,Rhinolophus sinicus,RVSPTQEVVRFPNITNRCPFDKVFNATRFPNVYAWERIKISDCVADYTVLYNSTSFSTFKCYGVSPSKLIDLCFTSVYADTFLIRSSEVRQVAPGETGVIADYNYKLPDDFTGCVIAWNTAKQDTGNYYYRSHRKTKLKPFERDLSSDDGNGVYTLSTYDFNPNVPVAYQATRVVVLSFELLNAPATVCGPKLSTQLVKNQCVNF,205,TYDFNPNVPVAYQ,0,2,untested,NA,NA
RBD,GD2016B,QZX47335,,Rhinolophus sinicus,RVSPTQEVIRFPNITNRCPFDKVFNATRFPNVYAWERTKISDCVADYTVLYNSTSFSTFKCYGVSPSKLIDLCFTSVYADTFLIRSSEVRQIAPGETGVIADYNYKLPDDFTGCVIAWNTAKQDTGNYYYRSHRKTKLKPFERDLSSDDGNGVYTLSTYDFNPNVPVAYQATRVVVLSFELLNAPATVCGPKLSTQLVKNQCVNF,205,TYDFNPNVPVAYQ,0,2,untested,NA,NA
RBD,JX2021D,QZX47575,,Rhinolophus siamensis,RVTPTQEVVRFPNITNRCPFDRVFNASRFPNVYAWERTKISDCVADYTVLYNTTSFSTFKCYGVSPSKLIDLCFTSVYADTFLIRSSEVRQVAPGETGVIADYNYKLPDDFTGCVLAWNTAKQDQGQYYYRSFRKEKLKPFERDLSSDENGVYTLSTYDFYPSVPVEYQATRVVVLSFELLNAPATVCGPKLSTQLVKNQCVNF,204,YDFYPSVPVEYQA,0,2,untested,NA,NA
RBD,JX2021P,QZX47500,,Rhinolophus sinicus,RVSPTNEVVRFPNITNRCPFDRVFNASRFPSVYAWERTKISECVADYTVLYNSTSFSTFKCYGVSPSKLIDLCFTSVYADTFLVRSSEVRQVAPGETGVIADYNYKLPDDFTGCVIAWNTANLDQGQYYYRSHRKTKLKPFERDLSSDANGVRTLSTYDFYPTVPVEYQATRVVVLSFELLNAPATVCGPKLSTPLIKNQCVNF,204,YDFYPTVPVEYQA,0,2,untested,NA,NA
RBD,HN2021F,QZX47450,,Rhinolophus sinicus,RVTPTQEVVRFPNITNRCPFDKVFNASRFPNVYAWERTKISDCVADYTVLYNSTSFSTFKCYGVSPSKLIDLCFTSVYADTFLIRSSEVRQVAPGETGVIADYNYKLPDDFTGCVIAWNTANQDQGQYYYRSSRKEKLKPFERDLSSDENGVYTLSTYDFYPSVPVEYQATRVVVLSFELLNAPATVCGPKLSTQLVKNKCVNF,204,YDFYPSVPVEYQA,0,2,untested,NA,NA
Alt_recept,ACE2,NP_001358344.1,,Homo sapiens,MSSSSWLLLSLVAVTAAQSTIEEQAKTFLDKFNHEAEDLFYQSSLASWNYNTNITEENVQNMNNAGDKWSAFLKEQSTLAQMYPLQEIQNLTVKLQLQALQQNGSSVLSEDKSKRLNTILNTMSTIYSTGKVCNPDNPQECLLLEPGLNEIMANSLDYNERLWAWESWRSEVGKQLRPLYEEYVVLKNEMARANHYEDYGDYWRGDYEVNGVDGYDYSRGQLIEDVEHTFEEIKPLYEHLHAYVRAKLMNAYPSYISPIGCLPAHLLGDMWGRFWTNLYSLTVPFGQKPNIDVTDAMVDQAWDAQRIFKEAEKFFVSVGLPNMTQGFWENSMLTDPGNVQKAVCHPTAWDLGKGDFRILMCTKVTMDDFLTAHHEMGHIQYDMAYAAQPFLLRNGANEGFHEAVGEIMSLSAATPKHLKSIGLLSPDFQEDNETEINFLLKQALTIVGTLPFTYMLEKWRWMVFKGEIPKDQWMKKWWEMKREIVGVVEPVPHDETYCDPASLFHVSNDYSFIRYYTRTLYQFQFQEALCQAAKHEGPLHKCDISNSTEAGQKLFNMLRLGKSEPWTLALENVVGAKNMNVRPLLNYFEPLFTWLKDQNKNSFVGWSTDWSPYADQSIKVRISLKSALGDKAYEWNDNEMYLFRSSVAYAMRQYFLKVKNQMILFGEEDVRVANLKPRISFNFFVTAPKNVSDIIPRTEVEKAIRMSRSRINDAFRLNDNSLEFLGIQPTLGPPNQPPVSIWLIVFGVVMGVIVVGIVILIFTGIRDRKKKNKARSGENPYASIDISKGENNPGFQNTDDVQTSF,805,NA,NA,NA,G1043A_AttB_ACE2[HA](fix)_IRES_iRFP670-H2A-P2A-PuroR,MSSSSWLLLSLVAVTAAQSTIEEQAKTFLDKFNHEAEDLFYQSSLASWNYNTNITEENVQNMNNAGDKWSAFLKEQSTLAQMYPLQEIQNLTVKLQLQALQQNGSSVLSEDKSKRLNTILNTMSTIYSTGKVCNPDNPQECLLLEPGLNEIMANSLDYNERLWAWESWRSEVGKQLRPLYEEYVVLKNEMARANHYEDYGDYWRGDYEVNGVDGYDYSRGQLIEDVEHTFEEIKPLYEHLHAYVRAKLMNAYPSYISPIGCLPAHLLGDMWGRFWTNLYSLTVPFGQKPNIDVTDAMVDQAWDAQRIFKEAEKFFVSVGLPNMTQGFWENSMLTDPGNVQKAVCHPTAWDLGKGDFRILMCTKVTMDDFLTAHHEMGHIQYDMAYAAQPFLLRNGANEGFHEAVGEIMSLSAATPKHLKSIGLLSPDFQEDNETEINFLLKQALTIVGTLPFTYMLEKWRWMVFKGEIPKDQWMKKWWEMKREIVGVVEPVPHDETYCDPASLFHVSNDYSFIRYYTRTLYQFQFQEALCQAAKHEGPLHKCDISNSTEAGQKLFNMLRLGKSEPWTLALENVVGAKNMNVRPLLNYFEPLFTWLKDQNKNSFVGWSTDWSPYADQSIKVRISLKSALGDKAYEWNDNEMYLFRSSVAYAMRQYFLKVKNQMILFGEEDVRVANLKPRISFNFFVTAPKNVSDIIPRTEVEKAIRMSRSRINDAFRLNDNSLEFLGIQPTLGPPNQPPVSIWLIVFGVVMGVIVVGIVILIFTGIRDRKKKNKARSGENPYASIDISKGENNPGFQNTDDVQTSFGTETSQVAPAYPYDVPDYA,824
Alt_recept,NRP1,NA,,human,NA,NA,NA,NA,NA,G904A_AttB_Nrp1[HA]_IRES_miRFP670-H2A-P2A-PuroR,MERGLPLLCAVLALVLAPAGAFRNDKCGDTIKIESPGYLTSPGYPHSYHPSEKCEWLIQAPDPYQRIMINFNPHFDLEDRDCKYDYVEVFDGENENGHFRGKFCGKIAPPPVVSSGPFLFIKFVSDYETHGAGFSIRYEIFKRGPECSQNYTTPSGVIKSPGFPEKYPNSLECTYIVFAPKMSEIILEFESFDLEPDSNPPGGMFCRYDRLEIWDGFPGVGPHIGRYCGQKTPGRIRSSSGILSMVFYTDSAIAKEGFSANYSVLQSSVSEDFKCMEALGMESGEIHSDQITASSQYSTNWSAERSRLNYPENGWTPGEDSYREWIQVDLGLLRFVTAVGTQGAISKETKKKYYVKTYKIDVSSNGEDWITIKEGNKPVLFQGNTNPTDVVVAVFPKPLITRFVRIKPATWETGISMRFEVYGCKITDYPCSGMLGMVSGLISDSQITSSNQGDRNWMPENIRLVTSRSGWALPPAPHSYINEWLQIDLGEEKIVRGIIIQGGKHRENKVFMRKFKIGYSNNGSDWKMIMDDSKRKAKSFEGNNNYDTPELRTFPALSTRFIRIYPERATHGGLGLRMELLGCEVEAPTAGPTTPNGNLVDECDDDQANCHSGTGDDFQLTGGTTVPATEKPTVIDSTIQSEFPTYGFNCEFGWGSHKTFCHWEHDNHVQLKWSVLTSKTGPIQDHTGDGNFIYSQADENQKGKVARLVSPVVYSQNSAHCMTFWYHMSGSHVGTLRVKLRYQKPEEYDQLVWMAIGHQGDHWKEGRVLLHKSLKLYQVIFEGEIGKGNLGGIAVDDISINNHISQEDCAKPADLDKKNPEIKIDETGSTPGYEGEGEGDKNISRKPGNVLKTLDPILITIIAMSALGVLLGAVCGVVLYCACWHNGMSERNLPALENYNFELVDGVKLKKDKLNTQSYPYDVPDYATYSEA,932
Alt_recept,NRP2,NA,,human,NA,NA,NA,NA,NA,G905C_AttB_Nrp2[HA]_IRES_miRFP670-H2A-P2A-PuroR,MDMFPLTWVFLALYFSRHQVRGQPDPPCGGRLNSKDAGYITSPGYPQDYPSHQNCEWIVYAPEPNQKIVLNFNPHFEIEKHDCKYDFIEIRDGDSESADLLGKHCGNIAPPTIISSGSMLYIKFTSDYARQGAGFSLRYEIFKTGSEDCSKNFTSPNGTIESPGFPEKYPHNLDCTFTILAKPKMEIILQFLIFDLEHDPLQVGEGDCKYDWLDIWDGIPHVGPLIGKYCGTKTPSELRSSTGILSLTFHTDMAVAKDGFSARYYLVHQEPLENFQCNVPLGMESGRIANEQISASSTYSDGRWTPQQSRLHGDDNGWTPNLDSNKEYLQVDLRFLTMLTAIATQGAISRETQNGYYVKSYKLEVSTNGEDWMVYRHGKNHKVFQANNDATEVVLNKLHAPLLTRFVRIRPQTWHSGIALRLELFGCRVTDAPCSNMLGMLSGLIADSQISASSTQEYLWSPSAARLVSSRSGWFPRIPQAQPGEEWLQVDLGTPKTVKGVIIQGARGGDSITAVEARAFVRKFKVSYSLNGKDWEYIQDPRTQQPKLFEGNMHYDTPDIRRFDPIPAQYVRVYPERWSPAGIGMRLEVLGCDWTDSKPTVETLGPTVKSEETTTPYPTEEEATECGENCSFEDDKDLQLPSGFNCNFDFLEEPCGWMYDHAKWLRTTWASSSSPNDRTFPDDRNFLRLQSDSQREGQYARLISPPVHLPRSPVCMEFQYQATGGRGVALQVVREASQESKLLWVIREDQGGEWKHGRIILPSYDMEYQIVFEGVIGKGRSGEIAIDDIRISTDVPLENCMEPISAFAVDIPEIHEREGYEDEIDDEYEVDWSNSSSATSGSGAPSTDKEKSWLYTLDPILITIIAMSSLGVLLGATCAGLLLYCTCSYSGLSSRSCTTLENYNFELYDGLKHKVKMNHQKYPYDVPDYACCSEA,935
Alt_recept,CLEC4M,NA,,human,NA,NA,NA,NA,NA,G906A_AttB_[HA]CLEC4M_IRES_miRFP670-H2A-P2A-PuroR,MYPYDVPDYASDSKEPRVQQLGLLEEDPTTSGIRLFPRDFQFQQIHGHKSSTGCLGHGALVLQLLSFMLLAGVLVAILVQVSKVPSSLSQEQSEQDAIYQNLTQLKAAVGELSEKSKLQEIYQELTQLKAAVGELPEKSKLQEIYQELTRLKAAVGELPEKSKLQEIYQELTRLKAAVGELPEKSKLQEIYQELTRLKAAVGELPEKSKLQEIYQELTELKAAVGELPEKSKLQEIYQELTQLKAAVGELPDQSKQQQIYQELTDLKTAFERLCRHCPKDWTFFQGNCYFMSNSQRNWHDSVTACQEVRAQLVVIKTAEEQNFLQLQTSRSNRFSWMGLSDLNQEGTWQWVDGSPLSPSFQRYWNSGEPNNSGNEDCAEFSGSGWNDNRCDVDNYWICKKPAACFRDE,408
Alt_recept,CD147,NA,,human,NA,NA,NA,NA,NA,G1044C_AttB_BSG[HA](fix)_IRES_miRFP670-H2A-P2A-PuroR,MAAALFVLLGIALLGTHGASGAAGFVQAPLSQQRWVGGSVELHCEAVGSPVPEIQWWFEGQGPHDTCSQLWDGARLDRVHIHATYHQHAASTISIDTLVEEDTGTYECRASNDPDRNHLTRAPRVKWVRAQAVVLVLEPGTVFTTVEDLGSKILLTCSLNDSATEVTGHRWLKGGVVLKEDALPGQKTEFKVDSDDQWGEYSCVFLPEPMGTANIQLHGPPRVKAVKSSEHINEGETAMLVCKSESVPPVTDWAWYKITDSEDKALMNGSESRFFVSSSQGRSELHIENLNMEADPGQYRCNGTSSKGSDQAIITLRVRSHLAALWPFLGIVAEVLVLVTIIFIYEKRRKPEDVLDDDDAGSAPLKSSGQHQNDKGKNVRQRNSSYPYDVPDYA,394
Viral_glycoproteins,Ebolavirus Zaire,NA,,NA,NA,NA,NA,NA,NA,pCAGGS-Zaire_deltaM,MGVTGILQLPRDRFKRTSFFLWVIILFQRTFSIPLGVIHNSTLQVSDVDKLVCRDKLSSTNQLRSVGLNLEGNGVATDVPSATKRWGFRSGVPPKVVNYEAGEWAENCYNLEIKKPDGSECLPAAPDGIRGFPRCRYVHKVSGTGPCAGDFAFHKEGAFFLYDRLASTVIYRGTTFAEGVVAFLILPQAKKDFFSSHPLREPVNATEDPSSGYYSTTIRYQATGFGTNETEYLFEVDNLTYVQLESRFTPQFLLQLNETIYTSGKRSNTTGKLIWKVNPEIDTTIGEWAFWETKKNLTRKIRSEELSFSRAGLITGGRRTRREAIVNAQPKCNPNLHYWTTQDEGAAIGLAWIPYFGPAAEGIYIEGLMHNQDGLICGLRQLANETTQALQLFLRATTELRTFSILNRKAIDFLLQRWGGTCHILGPDCCIEPHDWTKNITDKIDQIIHDFVDKTLPDQGDNDNWWTGWRQWIPAGIGVTGVVIAVIALFCICKFVF,497
Viral_glycoproteins,Marburgvirus,NA,,NA,NA,NA,NA,NA,NA,pCAGGS-Marburg,MKTTCFLISLILIQGTKNLPILEIASNNQPQNVDSVCSGTLQKTEDVHLMGFTLSGQKVADSPLEASKRWAFRTGVPPKNVEYTEGEEAKTCYNISVTDPSGKSLLLDPPTNIRDYPKCKTIHHIQGQNPHAQGIALHLWGAFFLYDRIASTTMYRGKVFTEGNIAAMIVNKTVHKMIFSRQGQGYRHMNLTSTNKYWTSSNGTQTNDTGCFGALQEYNSTKNQTCAPSKIPPPLPTARPEIKLTSTPTDATKLNTTDPSSDDEDLATSGSGSGEREPHTTSDAVTKQGLSSTMPPTPSPQPSTPQQGGNNTNHSQDAVTELDKNNTTAQPSMPPHNTTTISTNNTSKHNFSTLSAPLQNTTNDNTQSTITENEQTSAPSITTLPPTGNPTTAKSTSSKKGPATTAPNTTNEHFTSPPPTPSSTAQHLVYFRRKRSILWREGDMFPFLDGLINAPIDFDPVPNTKTIFDESSSSGASAEEDQHASPNISLTLSYFPNINENTAYSGENENDCDAELRIWSVQEDDLAAGLSWIPFFGPGIEGLYTAGLIKNQNNLVCRLRRLANQTAKSLELLLRVTTEERTFSLINRHAIDFLLTRWGGTCKVLGPDCCIGIEDLSKNISEQIDQIKKDEQKEGTGWGLGGKWWTSDWGVLTNLGILLLLSIAVLIALSCICRIFTKYIG*,682
Viral_glycoproteins,Lassa Fever Virus,NA,,NA,NA,NA,NA,NA,NA,pCAGGS-LFV,MGQIVTFFQEVPHVIEEVMNIVLIALSVLAVLKGLYNFATCGLVGLVTFLLLCGRSCTTSLYKGVYELQTLELNMETLNMTMPLSCTKNNSHHYIMVGNETGLELTLTNTSIINHKFCNLSDAHKKNLYDHALMSIISTFHLSIPNFNQYEAMSCDFNGGKISVQYNLSHSYAGDAANHCGTVANGVLQTFMRMAWGGSYIALDSGRGNWDCIMTSYQYLIIQNTTWEDHCQFSRPSPIGYLGLLSQRTRDIYISRRLLGTFTWTLSDSEGKDTPGGYCLTRWMLIEAELKCFGNTAVAKCNEKHDEEFCDMLRLFDFNKQAIQRLKAEAQMSIQLINKAVNALINDQLIMKNHLRDIMGIPYCNYSKYWYLNHTTTGRTSLPKCWLVSNGSYLNETHFSDDIEQQADNMITEMLQKEYMERQGKTPLGLVDLFVFSTSFYLISIFLHLVKIPTHRHIVGKSCPKPHRLNHMGICSCGLYKQPGVPVKWKR,491
Viral_glycoproteins,LCMV,NA,,NA,NA,NA,NA,NA,NA,pCAGGS-LCMV,MGQIVTMFEALPHIIDEVINIVIIVLIVITGIKAVYNFATCGIFALISFLLLAGRSCGMYGLKGPDIYKGVYQFKSVEFDMSHLNLTMPNACSANNSHHYISMGTSGLELTFTNDSIISHNFCNLTSAFNKKTFDHTLMSIVSSLHLSIRGNSNYKAVSCDFNNGITIQYNLTFSNAQSAQSQCRTFRGRVLDMFRTAFGGKYMRSGWGWTGSDGKTTWCSQTSYQYLIIQNRTWENHCTYAGPFGMSRILLSQEKTKFFTRRLAGTFTWTLSDSSGVENPGGYCLTKWMILAAELKCFGNTAVAKCNVNHDEEFCDMLRLIDYNKAALSKFKEDVESALHLFKTTVNSLISDQLLMRNHLRDLMGVPYCNYSKFWYLEHAKTGETSVPKCWLVTNGSYLNETHFSDQIEQEADNMITEMLRKDYIKRQGSTPLALMDLLMFSTSAYLVSIFLHLVKIPTHRHIKGGSCPKPHRLTNKGICSCGAFKVPGVKTVWKRR,498
Viral_glycoproteins,Junin,NA,,NA,NA,NA,NA,NA,NA,NA,NA,NA
Viral_glycoproteins,MERS,NA,,NA,NA,NA,NA,NA,NA,R18_pcDNA3_MERS-Spike,MIHSVFLLMFLLTPTESYVDVGPDSVKSACIEVDIQQTFFDKTWPRPIDVSKADGIIYPQGRTYSNITITYQGLFPYQGDHGDMYVYSAGHATGTTPQKLFVANYSQDVKQFANGFVVRIGAAANSTGTVIISPSTSATIRKIYPAFMLGSSVGNFSDGKMGRFFNHTLVLLPDGCGTLLRAFYCILEPRSGNHCPAGNSYTSFATYHTPATDCSDGNYNRNASLNSFKEYFNLRNCTFMYTYNITEDEILEWFGITQTAQGVHLFSSRYVDLYGGNMFQFATLPVYDTIKYYSIIPHSIRSIRSDRKAWAAFYVYKLQPLTFLLDFSVDGYIRRAIDCGFNDLSQLHCSYESFDVESGVYSVSSFEAKPSGSVVEQAEGVECDFSPLLSGTPPQVYNFKRLVFTNCNYNLTKLLSLFSVNDFTCSQISPAAIASNCYSSLILDYFSYPLSMKSDLSVSSAGPISQFNYKQSFSNPTCLILATVPHNLTTITKPLKYSYINKCSRLLSDDRTEVPQLVNANQYSPCVSIVPSTVWEDGDYYRKQLSPLEGGGWLVASGSTVAMTEQLQMGFGITVQYGTDTNSVCPKLEFANDTKIASQLGNCVEYSLYGVSGRGVFQNCTAVGVRQQRFVYDAYQNLVGYYSDDGNYYCLRACVSVPVSVIYDKETKTHATLFGSVACEHISSTMSQYSRSTRSMLKRRDSTYGPLQTPVGCVLGLVNSSLFVEDCKLPLGQSLCALPDTPSTLTPRSVRSVPGEMRLASIAFNHPIQVDQLNSSYFKLSIPTNFSFGVTQEYIQTTIQKVTVDCKQYVCNGFQKCEQLLREYGQFCSKINQALHGANLRQDDSVRNLFASVKSSQSSPIIPGFGGDFNLTLLEPVSISTGSRSARSAIEDLLFDKVTIADPGYMQGYDDCMQQGPASARDLICAQYVAGYKVLPPLMDVNMEAAYTSSLLGSIAGVGWTAGLSSFAAIPFAQSIFYRLNGVGITQQVLSENQKLIANKFNQALGAMQTGFTTTNEAFQKVQDAVNNNAQALSKLASELSNTFGAISASIGDIIQRLDVLEQDAQIDRLINGRLTTLNAFVAQQLVRSESAALSAQLAKDKVNECVKAQSKRSGFCGQGTHIVSFVVNAPNGLYFMHVGYYPSNHIEVVSAYGLCDAANPTNCIAPVNGYFIKTNNTRIVDEWSYTGSSFYAPEPITSLNTKYVAPQVTYQNISTNLPPPLLGNSTGIDFQDELDEFFKNVSTSIPNFGSLTQINTTLLDLTYEMLSLQQVVKALNESYIDLKELGNYTYYNKWPWYIWLGFIAGLVALALCVFFILCCTGCGTNCMGKLKCN,1334