H.sapiens,R.ferrumequinum,R.alcyone,R.landeri,R.sinicus_472,R.sinicus_215,R.sinicus_200,R.affinis,R.pearsonii,unique_residue,amino_acids,differences,position
M,M,M,M,M,M,M,M,M,M,1,0,1
S,S,S,S,S,S,S,S,S,S,1,0,2
S,G,G,G,G,G,G,G,G,G,1,0,3
S,S,S,S,S,S,S,S,S,S,1,0,4
S,S,S,S,F,S,S,S,F,SF,2,1,5
W,W,W,W,W,W,W,W,W,W,1,0,6
L,L,L,L,F,L,L,L,L,LF,2,1,7
L,L,F,F,L,L,L,L,L,LF,2,1,8
L,L,L,L,L,L,L,L,L,L,1,0,9
S,S,S,S,S,S,S,S,S,S,1,0,10
L,L,L,L,L,L,L,L,L,L,1,0,11
V,V,V,V,V,V,V,V,V,V,1,0,12
A,A,A,A,A,A,A,A,A,A,1,0,13
V,V,V,V,V,V,V,V,V,V,1,0,14
T,T,A,T,T,T,T,T,T,TA,2,1,15
A,A,A,A,T,T,T,A,A,AT,2,1,16
A,A,A,A,A,A,A,A,A,A,1,0,17
Q,Q,Q,Q,Q,Q,Q,Q,Q,Q,1,0,18
S,S,S,S,S,S,F,S,S,SF,2,1,19
T,T,T,T,T,T,T,T,T,T,1,0,20
I,T,P,P,T,T,T,T,T,TP,2,1,21
E,E,E,E,E,E,E,E,E,E,1,0,22
E,D,D,D,D,D,D,D,D,D,1,0,23
Q,L,L,L,E,R,L,R,Q,LERQ,4,3,24
A,A,A,A,A,A,A,A,A,A,1,0,25
K,K,K,K,K,K,K,K,K,K,1,0,26
T,K,I,T,I,T,I,I,I,KIT,3,2,27
F,F,F,F,F,F,F,F,F,F,1,0,28
L,L,L,L,L,L,L,L,L,L,1,0,29
D,D,D,D,D,D,D,D,D,D,1,0,30
K,D,N,D,K,E,E,N,K,DNKE,4,3,31
F,F,F,F,F,F,F,F,F,F,1,0,32
N,N,N,N,N,N,N,N,N,N,1,0,33
H,S,S,S,T,S,F,R,R,STFR,4,3,34
E,E,E,A,K,E,E,E,E,EAK,3,2,35
A,A,A,A,A,A,A,A,A,A,1,0,36
E,E,E,E,E,E,E,E,E,E,1,0,37
D,N,N,N,D,N,N,E,D,NDE,3,2,38
L,L,L,L,L,L,L,L,L,L,1,0,39
F,S,S,S,S,S,S,S,S,S,1,0,40
Y,H,H,Y,H,Y,Y,Y,H,HY,2,1,41
Q,Q,Q,Q,Q,Q,Q,Q,E,QE,2,1,42
S,S,S,S,S,S,S,S,S,S,1,0,43
S,S,S,S,S,S,S,S,S,S,1,0,44
L,L,L,L,L,L,L,L,L,L,1,0,45
A,A,A,A,A,A,A,A,A,A,1,0,46
S,S,S,S,S,S,S,S,S,S,1,0,47
W,W,W,W,W,W,W,W,W,W,1,0,48
N,E,E,E,D,D,D,E,E,ED,2,1,49
Y,Y,Y,Y,Y,Y,Y,Y,Y,Y,1,0,50
N,N,N,N,N,N,N,N,N,N,1,0,51
T,T,T,T,T,T,T,T,T,T,1,0,52
N,N,N,N,N,N,N,N,N,N,1,0,53
I,I,I,I,I,I,I,I,I,I,1,0,54
T,S,S,S,N,N,N,S,S,SN,2,1,55
E,D,D,D,D,D,D,D,D,D,1,0,56
E,E,E,E,E,E,E,E,E,E,1,0,57
N,N,N,N,N,N,N,N,N,N,1,0,58
V,V,I,I,V,V,V,V,V,VI,2,1,59
Q,Q,Q,Q,Q,Q,Q,Q,Q,Q,1,0,60
N,K,K,K,K,K,K,K,K,K,1,0,61
M,M,M,M,M,M,M,M,M,M,1,0,62
N,D,D,D,D,D,D,D,D,D,1,0,63
N,E,E,E,E,E,E,E,E,E,1,0,64
A,A,A,A,A,A,A,A,A,A,1,0,65
G,G,G,G,G,G,G,G,G,G,1,0,66
D,A,A,A,A,A,A,A,A,A,1,0,67
K,K,K,K,K,K,K,K,K,K,1,0,68
W,W,W,W,W,W,W,W,W,W,1,0,69
S,S,S,S,S,S,S,S,S,S,1,0,70
A,D,D,D,A,A,A,A,A,DA,2,1,71
F,F,F,F,F,F,F,F,F,F,1,0,72
L,Y,Y,Y,Y,Y,Y,Y,Y,Y,1,0,73
K,K,E,E,E,E,E,E,E,KE,2,1,74
E,K,T,T,E,E,E,E,E,KTE,3,2,75
Q,Q,Q,Q,Q,Q,Q,Q,Q,Q,1,0,76
S,S,S,S,S,S,S,S,S,S,1,0,77
T,K,K,K,K,K,K,K,K,K,1,0,78
L,L,H,H,L,L,L,L,L,LH,2,1,79
A,A,A,A,A,A,A,A,A,A,1,0,80
Q,K,K,K,K,K,K,K,K,K,1,0,81
M,N,N,N,N,N,N,N,D,ND,2,1,82
Y,F,F,F,Y,Y,Y,Y,Y,FY,2,1,83
P,S,S,S,P,S,P,P,P,SP,2,1,84
L,L,L,L,L,L,L,L,L,L,1,0,85
Q,E,E,E,E,E,E,E,E,E,1,0,86
E,E,E,E,Q,Q,Q,E,E,EQ,2,1,87
I,I,I,I,I,I,I,I,I,I,1,0,88
Q,H,H,H,Q,Q,Q,Q,Q,HQ,2,1,89
N,N,N,N,N,N,N,T,N,NT,2,1,90
L,D,D,D,V,V,V,V,S,DVS,3,2,91
T,T,T,T,T,T,T,P,T,TP,2,1,92
V,V,V,V,V,V,V,V,V,V,1,0,93
K,K,K,K,K,K,K,K,K,K,1,0,94
L,L,L,L,L,L,L,L,L,L,1,0,95
Q,Q,Q,Q,Q,Q,Q,Q,Q,Q,1,0,96
L,L,L,L,L,L,L,L,L,L,1,0,97
Q,Q,Q,Q,Q,Q,Q,Q,Q,Q,1,0,98
A,I,I,I,I,I,I,I,I,I,1,0,99
L,L,L,L,L,L,L,L,L,L,1,0,100
Q,Q,Q,Q,Q,Q,Q,Q,Q,Q,1,0,101
Q,Q,Q,Q,Q,Q,Q,Q,Q,Q,1,0,102
N,S,S,S,S,S,S,S,S,S,1,0,103
G,G,G,G,G,G,G,G,G,G,1,0,104
S,S,S,S,S,S,S,S,S,S,1,0,105
S,P,P,P,P,P,P,P,P,P,1,0,106
V,V,V,V,V,V,V,V,V,V,1,0,107
L,L,L,L,L,L,L,L,L,L,1,0,108
S,S,S,S,S,S,S,S,S,S,1,0,109
E,E,E,E,E,E,E,E,E,E,1,0,110
D,D,D,D,D,D,D,D,D,D,1,0,111
K,K,K,K,K,K,K,K,K,K,1,0,112
S,S,S,S,S,S,S,S,S,S,1,0,113
K,K,K,K,K,K,K,K,K,K,1,0,114
R,R,R,R,R,R,R,R,R,R,1,0,115
L,L,L,L,L,L,L,L,L,L,1,0,116
N,N,N,N,N,N,N,N,N,N,1,0,117
T,S,S,S,S,S,S,S,S,S,1,0,118
I,I,I,I,I,I,I,I,I,I,1,0,119
L,L,L,L,L,L,L,L,L,L,1,0,120
N,N,N,N,N,N,N,N,N,N,1,0,121
T,A,A,A,A,A,A,A,A,A,1,0,122
M,M,M,M,M,M,M,M,M,M,1,0,123
S,S,S,S,S,S,S,S,S,S,1,0,124
T,T,T,T,T,T,T,T,T,T,1,0,125
I,I,I,I,I,I,I,I,I,I,1,0,126
Y,Y,Y,Y,Y,Y,Y,Y,Y,Y,1,0,127
S,S,S,S,S,S,S,S,S,S,1,0,128
T,T,T,T,T,T,T,T,T,T,1,0,129
G,G,G,G,G,G,G,G,G,G,1,0,130
K,K,K,K,K,K,K,K,K,K,1,0,131
V,V,V,V,V,V,V,V,V,V,1,0,132
C,C,C,C,C,C,C,C,C,C,1,0,133
N,K,R,R,K,K,K,K,K,KR,2,1,134
P,P,P,P,P,P,P,P,P,P,1,0,135
D,N,N,N,N,N,N,N,N,N,1,0,136
N,N,N,N,K,K,K,N,N,NK,2,1,137
P,P,P,P,P,P,P,P,P,P,1,0,138
Q,Q,Q,Q,H,Q,H,Q,Q,QH,2,1,139
E,E,E,E,E,E,E,E,E,E,1,0,140
C,C,C,C,C,C,C,C,C,C,1,0,141
L,L,L,L,L,L,L,F,L,LF,2,1,142
L,L,L,L,L,L,L,L,L,L,1,0,143
L,L,L,L,L,L,L,L,L,L,1,0,144
E,E,E,E,E,E,E,E,E,E,1,0,145
P,P,P,P,P,P,P,P,P,P,1,0,146
G,G,G,G,G,G,G,G,G,G,1,0,147
L,L,L,L,L,L,L,L,L,L,1,0,148
N,D,D,D,D,D,D,D,D,D,1,0,149
E,N,N,N,N,N,N,N,N,N,1,0,150
I,I,I,I,I,I,I,I,I,I,1,0,151
M,M,M,M,M,M,M,M,M,M,1,0,152
A,E,G,G,G,G,G,G,G,EG,2,1,153
N,T,T,T,T,T,T,T,T,T,1,0,154
S,S,S,S,S,S,S,S,S,S,1,0,155
L,K,K,K,K,K,K,K,K,K,1,0,156
D,D,D,D,D,D,D,D,D,D,1,0,157
Y,Y,Y,Y,Y,Y,Y,Y,Y,Y,1,0,158
N,N,N,N,N,N,N,N,S,NS,2,1,159
E,E,E,E,E,E,E,E,E,E,1,0,160
R,R,R,R,R,R,R,R,R,R,1,0,161
L,L,L,L,L,L,L,L,L,L,1,0,162
W,W,W,W,W,W,W,W,W,W,1,0,163
A,A,A,A,A,A,A,A,A,A,1,0,164
W,W,W,W,W,W,W,W,W,W,1,0,165
E,E,E,E,E,E,E,E,E,E,1,0,166
S,G,G,G,G,G,G,G,G,G,1,0,167
W,W,W,W,W,W,W,W,W,W,1,0,168
R,R,R,R,R,R,R,R,R,R,1,0,169
S,A,A,A,A,A,A,A,A,A,1,0,170
E,E,E,E,E,E,E,E,E,E,1,0,171
V,V,V,V,V,V,V,V,V,V,1,0,172
G,G,G,G,G,G,G,G,G,G,1,0,173
K,K,K,K,K,K,K,K,K,K,1,0,174
Q,Q,Q,Q,Q,Q,Q,Q,Q,Q,1,0,175
L,L,L,L,L,L,L,L,L,L,1,0,176
R,R,R,R,R,R,R,R,R,R,1,0,177
P,P,P,P,P,P,P,P,P,P,1,0,178
L,L,L,L,L,L,L,L,L,L,1,0,179
Y,Y,Y,Y,Y,Y,Y,Y,Y,Y,1,0,180
E,E,E,E,E,E,E,E,E,E,1,0,181
E,E,E,E,E,E,E,E,E,E,1,0,182
Y,Y,Y,Y,Y,Y,Y,Y,Y,Y,1,0,183
V,V,V,V,V,V,V,V,V,V,1,0,184
V,V,V,V,V,V,V,V,V,V,1,0,185
L,L,L,L,L,L,L,L,L,L,1,0,186
K,K,K,K,K,K,K,K,K,K,1,0,187
N,N,N,N,N,N,N,N,N,N,1,0,188
E,E,E,E,E,E,E,E,E,E,1,0,189
M,M,M,M,M,M,M,M,M,M,1,0,190
A,A,A,A,A,A,A,A,A,A,1,0,191
R,R,R,R,R,R,R,R,R,R,1,0,192
A,G,G,G,G,G,G,G,G,G,1,0,193
N,Y,Y,Y,Y,Y,Y,Y,Y,Y,1,0,194
H,H,H,H,H,H,H,H,H,H,1,0,195
Y,Y,Y,Y,Y,Y,Y,Y,Y,Y,1,0,196
E,E,E,E,E,E,E,E,E,E,1,0,197
D,D,D,D,D,D,D,D,D,D,1,0,198
Y,Y,Y,Y,Y,Y,Y,Y,Y,Y,1,0,199
G,G,G,G,G,G,G,G,G,G,1,0,200
D,D,D,D,D,D,D,D,D,D,1,0,201
Y,Y,Y,Y,Y,Y,Y,Y,Y,Y,1,0,202
W,W,W,W,W,W,W,W,W,W,1,0,203
R,R,R,R,R,R,R,R,R,R,1,0,204
G,R,R,R,R,R,R,R,R,R,1,0,205
D,D,D,D,D,D,D,D,D,D,1,0,206
Y,Y,Y,Y,Y,Y,Y,Y,Y,Y,1,0,207
E,E,E,E,E,E,E,E,E,E,1,0,208
V,T,T,T,T,T,T,T,T,T,1,0,209
N,E,E,E,E,E,E,E,E,E,1,0,210
G,G,G,G,E,E,E,E,E,GE,2,1,211
V,S,S,S,S,S,S,S,S,S,1,0,212
D,P,P,P,P,P,P,S,P,PS,2,1,213
G,D,D,D,G,G,G,G,G,DG,2,1,214
Y,L,L,L,P,P,P,S,P,LPS,3,2,215
D,E,E,E,G,G,G,G,G,EG,2,1,216
Y,Y,Y,Y,Y,Y,Y,Y,Y,Y,1,0,217
S,S,S,S,S,S,S,S,S,S,1,0,218
R,R,R,R,R,R,R,R,R,R,1,0,219
G,D,D,D,D,D,D,D,D,D,1,0,220
Q,Q,Q,Q,Q,Q,Q,Q,Q,Q,1,0,221
L,L,L,L,L,L,L,L,L,L,1,0,222
I,I,T,T,M,M,M,M,M,ITM,3,2,223
E,K,K,K,K,K,K,K,N,KN,2,1,224
D,D,D,D,D,D,D,D,D,D,1,0,225
V,V,V,V,V,V,V,V,V,V,1,0,226
E,E,E,E,E,E,E,D,E,ED,2,1,227
H,R,R,R,R,R,R,R,R,R,1,0,228
T,I,I,I,I,I,I,I,I,I,1,0,229
F,F,F,F,F,F,F,F,L,FL,2,1,230
E,A,A,A,T,T,T,T,T,AT,2,1,231
E,E,E,E,E,E,E,E,E,E,1,0,232
I,I,I,I,I,I,I,I,I,I,1,0,233
K,K,K,K,K,K,K,K,K,K,1,0,234
P,P,P,P,P,P,P,P,P,P,1,0,235
L,L,L,L,L,L,L,L,L,L,1,0,236
Y,Y,Y,Y,Y,Y,Y,Y,Y,Y,1,0,237
E,E,E,E,E,E,E,E,E,E,1,0,238
H,Q,Q,Q,H,H,H,H,H,QH,2,1,239
L,L,L,L,L,L,L,L,L,L,1,0,240
H,H,H,H,H,H,H,H,H,H,1,0,241
A,A,A,A,A,A,A,A,A,A,1,0,242
Y,Y,Y,Y,Y,Y,Y,Y,Y,Y,1,0,243
V,V,V,V,V,V,V,V,V,V,1,0,244
R,R,R,R,R,R,R,R,R,R,1,0,245
A,T,T,A,A,A,A,T,T,TA,2,1,246
K,K,K,K,K,K,K,K,K,K,1,0,247
L,L,L,L,L,L,L,L,L,L,1,0,248
M,M,M,M,M,M,M,M,M,M,1,0,249
N,D,D,D,D,D,D,D,D,D,1,0,250
A,T,T,T,T,T,T,T,T,T,1,0,251
Y,Y,Y,Y,Y,Y,Y,Y,Y,Y,1,0,252
P,P,P,P,P,P,P,P,P,P,1,0,253
S,F,F,F,F,F,F,F,F,F,1,0,254
Y,H,H,H,H,H,H,H,H,H,1,0,255
I,I,I,I,I,I,I,I,I,I,1,0,256
S,S,S,S,S,S,S,S,S,S,1,0,257
P,P,P,P,P,P,P,P,P,P,1,0,258
I,T,T,T,T,T,T,T,T,T,1,0,259
G,G,G,G,G,G,G,G,G,G,1,0,260
C,C,C,C,C,C,C,C,C,C,1,0,261
L,L,L,L,L,L,L,L,L,L,1,0,262
P,P,P,P,P,P,P,P,P,P,1,0,263
A,A,A,A,A,A,A,A,A,A,1,0,264
H,H,H,H,H,H,H,H,H,H,1,0,265
L,L,L,L,L,L,L,L,L,L,1,0,266
L,L,L,L,L,L,L,L,L,L,1,0,267
G,G,G,G,G,G,G,G,G,G,1,0,268
D,D,D,D,D,D,D,D,D,D,1,0,269
M,M,M,M,M,M,M,M,M,M,1,0,270
W,W,W,W,W,W,W,W,W,W,1,0,271
G,G,G,G,G,G,G,G,G,G,1,0,272
R,R,R,R,R,R,R,R,R,R,1,0,273
F,F,F,F,F,F,F,F,F,F,1,0,274
W,W,W,W,W,W,W,W,W,W,1,0,275
T,T,T,T,T,T,T,T,T,T,1,0,276
N,N,N,N,N,N,N,N,N,N,1,0,277
L,L,L,L,L,L,L,L,L,L,1,0,278
Y,Y,Y,Y,Y,Y,Y,Y,Y,Y,1,0,279
S,P,P,P,P,P,P,P,P,P,1,0,280
L,L,L,L,L,L,L,L,L,L,1,0,281
T,T,T,T,T,T,T,T,T,T,1,0,282
V,V,V,V,V,V,V,V,V,V,1,0,283
P,P,P,P,P,P,P,P,P,P,1,0,284
F,F,F,F,F,F,F,F,F,F,1,0,285
G,G,A,G,G,G,G,G,G,GA,2,1,286
Q,Q,Q,Q,Q,Q,Q,Q,Q,Q,1,0,287
K,K,K,K,K,K,K,K,K,K,1,0,288
P,P,P,P,P,P,P,P,P,P,1,0,289
N,N,N,N,N,N,N,N,N,N,1,0,290
I,I,I,I,I,I,I,I,I,I,1,0,291
D,D,D,D,D,D,D,D,D,D,1,0,292
V,V,V,V,V,V,V,V,V,V,1,0,293
T,T,T,T,T,T,T,T,T,T,1,0,294
D,D,D,D,D,D,D,D,D,D,1,0,295
A,A,A,A,E,E,E,A,A,AE,2,1,296
M,M,M,M,M,M,M,M,M,M,1,0,297
V,L,L,L,L,L,L,V,V,LV,2,1,298
D,N,N,N,K,K,K,N,N,NK,2,1,299
Q,Q,Q,Q,Q,Q,Q,Q,Q,Q,1,0,300
A,N,T,T,G,G,G,G,G,NTG,3,2,301
W,W,W,W,W,W,W,W,W,W,1,0,302
D,D,D,D,D,D,D,D,D,D,1,0,303
A,A,A,A,A,A,A,A,A,A,1,0,304
Q,K,K,K,D,D,D,N,N,KDN,3,2,305
R,R,R,R,R,R,R,R,R,R,1,0,306
I,I,I,I,I,I,I,I,I,I,1,0,307
F,F,F,F,F,F,F,F,F,F,1,0,308
K,K,K,K,K,K,K,K,K,K,1,0,309
E,E,E,E,E,E,E,E,E,E,1,0,310
A,A,A,A,A,A,A,A,A,A,1,0,311
E,E,E,E,E,E,E,E,E,E,1,0,312
K,K,K,K,K,K,K,K,K,K,1,0,313
F,F,F,F,F,F,F,F,F,F,1,0,314
F,F,F,F,F,F,F,F,F,F,1,0,315
V,V,V,V,V,M,V,V,V,VM,2,1,316
S,S,S,S,S,S,S,S,S,S,1,0,317
V,I,I,I,V,V,V,V,V,IV,2,1,318
G,G,G,G,G,G,G,G,G,G,1,0,319
L,L,L,L,L,L,L,L,L,L,1,0,320
P,P,P,P,P,P,P,P,P,P,1,0,321
N,N,H,H,N,N,N,N,N,NH,2,1,322
M,M,M,M,M,M,M,M,M,M,1,0,323
T,T,T,T,T,T,T,T,T,T,1,0,324
Q,E,E,E,E,E,E,E,E,E,1,0,325
G,G,G,G,G,G,G,G,G,G,1,0,326
F,F,F,F,F,F,F,F,F,F,1,0,327
W,W,W,W,W,W,W,W,W,W,1,0,328
E,N,N,N,N,N,N,N,N,N,1,0,329
N,N,N,N,N,N,N,N,N,N,1,0,330
S,S,S,S,S,S,S,S,S,S,1,0,331
M,M,M,M,M,M,M,M,M,M,1,0,332
L,L,L,L,L,L,L,L,L,L,1,0,333
T,T,T,T,T,T,T,T,T,T,1,0,334
D,D,D,D,E,E,E,E,E,DE,2,1,335
P,P,P,P,P,P,P,P,P,P,1,0,336
G,G,G,G,G,G,G,G,G,G,1,0,337
N,D,D,D,D,D,D,D,D,D,1,0,338
V,G,G,G,G,G,G,G,G,G,1,0,339
Q,R,R,R,R,R,R,R,R,R,1,0,340
K,K,K,K,K,K,K,K,K,K,1,0,341
A,V,V,V,V,V,V,V,V,V,1,0,342
V,V,V,V,V,V,V,V,V,V,1,0,343
C,C,C,C,C,C,C,C,C,C,1,0,344
H,H,H,H,H,H,H,H,H,H,1,0,345
P,P,P,P,P,P,P,P,P,P,1,0,346
T,T,T,T,T,T,T,T,T,T,1,0,347
A,A,A,A,A,A,A,A,A,A,1,0,348
W,W,W,W,W,W,W,W,W,W,1,0,349
D,D,D,D,D,D,D,D,D,D,1,0,350
L,L,L,L,L,L,L,L,L,L,1,0,351
G,G,G,G,G,G,G,G,G,G,1,0,352
K,K,K,K,K,K,K,K,K,K,1,0,353
G,G,G,G,G,G,G,G,D,GD,2,1,354
D,D,D,D,D,D,D,D,D,D,1,0,355
F,F,F,F,F,F,F,F,F,F,1,0,356
R,R,R,R,R,R,R,R,R,R,1,0,357
I,I,I,I,I,I,I,I,I,I,1,0,358
L,K,K,K,K,K,K,K,K,K,1,0,359
M,M,M,M,M,M,M,M,M,M,1,0,360
C,C,C,C,C,C,C,C,C,C,1,0,361
T,T,T,T,T,T,T,T,T,T,1,0,362
K,K,K,K,K,K,K,K,K,K,1,0,363
V,V,V,V,V,V,V,V,V,V,1,0,364
T,T,T,T,T,T,T,T,T,T,1,0,365
M,M,M,M,M,M,M,M,M,M,1,0,366
D,E,E,E,E,E,E,E,E,E,1,0,367
D,D,D,D,D,D,D,D,D,D,1,0,368
F,F,F,F,F,F,F,F,F,F,1,0,369
L,L,L,L,L,L,L,L,L,L,1,0,370
T,T,T,T,T,T,T,T,T,T,1,0,371
A,A,A,A,A,A,A,A,A,A,1,0,372
H,H,H,H,H,H,H,H,H,H,1,0,373
H,H,H,H,H,H,H,H,H,H,1,0,374
E,E,E,E,E,E,E,E,E,E,1,0,375
M,M,M,M,M,M,M,M,M,M,1,0,376
G,G,G,G,G,G,G,G,G,G,1,0,377
H,H,H,H,H,H,H,H,H,H,1,0,378
I,I,I,I,I,I,I,I,I,I,1,0,379
Q,Q,Q,Q,Q,Q,Q,Q,Q,Q,1,0,380
Y,Y,Y,Y,Y,Y,Y,Y,Y,Y,1,0,381
D,D,D,D,D,D,D,D,D,D,1,0,382
M,M,M,M,M,M,M,M,M,M,1,0,383
A,A,A,A,A,A,A,A,A,A,1,0,384
Y,Y,Y,Y,Y,Y,Y,Y,Y,Y,1,0,385
A,A,A,A,A,A,A,A,A,A,1,0,386
A,S,S,S,S,S,S,T,S,ST,2,1,387
Q,Q,Q,Q,Q,Q,Q,Q,Q,Q,1,0,388
P,P,P,P,P,P,P,P,P,P,1,0,389
F,Y,Y,Y,Y,Y,Y,Y,Y,Y,1,0,390
L,L,L,L,L,L,L,L,L,L,1,0,391
L,L,L,L,L,L,L,L,L,L,1,0,392
R,R,R,R,R,R,R,R,R,R,1,0,393
N,N,N,N,N,N,N,N,N,N,1,0,394
G,G,G,G,G,G,G,G,G,G,1,0,395
A,A,A,A,A,A,A,A,A,A,1,0,396
N,N,N,N,N,N,N,N,N,N,1,0,397
E,E,E,E,E,E,E,E,E,E,1,0,398
G,G,G,G,G,G,G,G,G,G,1,0,399
F,F,F,F,F,F,F,F,F,F,1,0,400
H,H,H,H,H,H,H,H,H,H,1,0,401
E,E,E,E,E,E,E,E,E,E,1,0,402
A,A,A,A,A,A,A,A,A,A,1,0,403
V,V,V,V,V,V,V,V,V,V,1,0,404
G,G,G,G,G,G,G,G,G,G,1,0,405
E,E,E,E,E,E,E,E,E,E,1,0,406
I,V,V,V,V,V,V,V,V,V,1,0,407
M,M,M,M,M,M,M,M,M,M,1,0,408
S,S,S,S,S,S,S,S,S,S,1,0,409
L,L,L,L,L,L,L,L,L,L,1,0,410
S,S,S,S,S,S,S,S,S,S,1,0,411
A,V,V,V,V,V,V,V,V,V,1,0,412
A,A,A,A,A,A,A,A,A,A,1,0,413
T,T,T,T,T,T,T,T,T,T,1,0,414
P,P,P,P,P,P,P,P,P,P,1,0,415
K,K,K,K,K,K,K,K,K,K,1,0,416
H,H,H,H,H,H,H,H,H,H,1,0,417
L,L,L,L,L,L,L,L,L,L,1,0,418
K,K,K,K,K,K,K,K,K,K,1,0,419
S,T,T,T,T,T,T,T,T,T,1,0,420
I,M,M,M,M,M,M,M,M,M,1,0,421
G,G,G,G,G,G,G,G,G,G,1,0,422
L,L,L,L,L,L,L,L,L,L,1,0,423
L,L,L,L,L,L,L,L,L,L,1,0,424
S,S,S,S,S,S,S,S,S,S,1,0,425
P,S,P,P,P,P,P,P,P,SP,2,1,426
D,D,D,D,D,D,D,D,D,D,1,0,427
F,F,F,F,F,F,F,F,F,F,1,0,428
Q,L,L,L,R,R,R,L,R,LR,2,1,429
E,E,E,E,E,E,E,E,E,E,1,0,430
D,D,D,D,D,D,D,D,D,D,1,0,431
N,N,N,N,N,N,N,N,N,N,1,0,432
E,E,E,E,E,E,E,E,E,E,1,0,433
T,T,T,T,T,T,T,T,T,T,1,0,434
E,E,E,E,E,E,E,E,E,E,1,0,435
I,I,I,I,I,I,I,I,I,I,1,0,436
N,N,N,N,N,N,N,N,N,N,1,0,437
F,F,F,F,F,F,F,F,F,F,1,0,438
L,L,L,L,L,L,L,L,L,L,1,0,439
L,F,F,F,L,L,L,L,L,FL,2,1,440
K,K,K,K,K,K,K,K,K,K,1,0,441
Q,Q,Q,Q,Q,Q,Q,Q,Q,Q,1,0,442
A,A,A,A,A,A,A,A,A,A,1,0,443
L,L,L,L,L,L,L,L,L,L,1,0,444
T,N,T,T,N,N,N,N,N,NT,2,1,445
I,I,I,I,I,I,I,I,I,I,1,0,446
V,V,V,V,V,V,V,V,V,V,1,0,447
G,G,G,G,G,G,G,G,G,G,1,0,448
T,T,T,T,T,T,T,T,T,T,1,0,449
L,L,L,L,L,L,L,L,L,L,1,0,450
P,P,P,P,P,P,P,P,P,P,1,0,451
F,F,F,F,F,F,F,F,F,F,1,0,452
T,T,T,T,T,T,T,T,T,T,1,0,453
Y,Y,Y,Y,Y,Y,Y,Y,Y,Y,1,0,454
M,M,M,M,M,M,M,M,M,M,1,0,455
L,L,L,L,L,L,L,L,L,L,1,0,456
E,E,E,E,E,E,E,E,E,E,1,0,457
K,K,K,K,K,K,K,K,K,K,1,0,458
W,W,W,W,W,W,W,W,W,W,1,0,459
R,R,R,R,M,R,R,R,R,RM,2,1,460
W,W,W,W,W,W,W,W,W,W,1,0,461
M,M,M,M,M,M,M,M,M,M,1,0,462
V,V,V,V,V,V,V,V,V,V,1,0,463
F,F,F,F,F,F,F,F,F,F,1,0,464
K,K,K,K,K,K,K,R,K,KR,2,1,465
G,G,G,G,G,G,G,G,G,G,1,0,466
E,E,E,E,E,E,E,E,E,E,1,0,467
I,I,I,I,I,I,I,I,I,I,1,0,468
P,P,P,P,P,P,P,P,P,P,1,0,469
K,K,K,K,K,K,K,K,K,K,1,0,470
D,E,E,E,E,E,E,E,E,E,1,0,471
Q,E,E,E,E,E,E,E,E,E,1,0,472
W,W,W,W,W,W,W,W,W,W,1,0,473
M,M,M,M,M,M,M,M,M,M,1,0,474
K,K,T,T,K,K,K,K,K,KT,2,1,475
K,K,K,K,K,K,K,K,K,K,1,0,476
W,W,W,W,W,W,W,W,W,W,1,0,477
W,W,W,W,L,W,W,W,W,WL,2,1,478
E,E,E,E,E,E,E,E,E,E,1,0,479
M,M,M,M,M,M,M,M,M,M,1,0,480
K,K,K,K,K,K,K,K,K,K,1,0,481
R,R,R,R,R,R,R,R,R,R,1,0,482
E,K,K,K,K,K,K,D,D,KD,2,1,483
I,I,I,I,I,I,I,L,I,IL,2,1,484
V,V,V,V,V,V,V,V,V,V,1,0,485
G,G,G,G,G,G,G,G,G,G,1,0,486
V,V,V,V,V,V,V,V,V,V,1,0,487
V,V,V,V,V,V,V,V,V,V,1,0,488
E,E,E,E,E,E,E,E,E,E,1,0,489
P,P,P,P,P,P,P,P,P,P,1,0,490
V,V,V,V,V,V,V,V,V,V,1,0,491
P,P,P,P,P,P,P,P,P,P,1,0,492
H,H,H,H,H,H,H,H,H,H,1,0,493
D,D,D,D,D,D,D,D,D,D,1,0,494
E,E,E,E,E,E,E,E,E,E,1,0,495
T,T,T,T,T,T,T,T,T,T,1,0,496
Y,Y,Y,Y,Y,Y,Y,Y,Y,Y,1,0,497
C,C,C,C,C,C,C,C,C,C,1,0,498
D,D,D,D,D,D,D,D,D,D,1,0,499
P,P,P,P,P,P,P,P,P,P,1,0,500
A,A,A,A,A,A,A,A,A,A,1,0,501
S,S,S,S,S,S,S,S,S,S,1,0,502
L,L,L,L,L,L,L,L,L,L,1,0,503
F,F,F,F,F,F,F,F,F,F,1,0,504
H,H,H,H,H,H,H,H,H,H,1,0,505
V,V,V,V,V,V,V,V,V,V,1,0,506
S,A,A,A,A,A,A,A,A,A,1,0,507
N,N,N,N,N,N,N,N,N,N,1,0,508
D,D,D,D,D,D,D,D,D,D,1,0,509
Y,Y,Y,Y,Y,Y,Y,Y,Y,Y,1,0,510
S,S,S,S,S,S,S,S,S,S,1,0,511
F,F,F,F,F,F,F,F,F,F,1,0,512
I,I,I,I,I,I,I,I,I,I,1,0,513
R,R,R,R,R,R,R,R,R,R,1,0,514
Y,Y,Y,Y,Y,Y,Y,Y,Y,Y,1,0,515
Y,Y,Y,Y,Y,Y,Y,Y,Y,Y,1,0,516
T,T,T,T,T,T,T,T,T,T,1,0,517
R,R,R,R,R,R,R,R,R,R,1,0,518
T,T,T,T,T,T,T,T,T,T,1,0,519
L,I,I,I,I,I,I,I,I,I,1,0,520
Y,F,F,F,F,F,F,F,L,FL,2,1,521
Q,E,E,E,E,E,E,E,E,E,1,0,522
F,F,F,F,F,F,F,F,F,F,1,0,523
Q,Q,Q,Q,Q,Q,Q,Q,Q,Q,1,0,524
F,F,F,F,F,F,F,F,F,F,1,0,525
Q,H,H,H,H,H,H,H,H,H,1,0,526
E,E,E,E,E,E,E,E,E,E,1,0,527
A,A,A,A,A,A,A,A,A,A,1,0,528
L,L,L,L,L,L,L,L,L,L,1,0,529
C,C,C,C,C,C,C,C,C,C,1,0,530
Q,R,R,R,R,R,R,R,R,R,1,0,531
A,I,I,I,I,I,I,I,I,I,1,0,532
A,A,A,A,A,A,A,A,A,A,1,0,533
K,K,K,K,Q,Q,Q,Q,Q,KQ,2,1,534
H,H,H,H,H,H,H,H,H,H,1,0,535
E,D,D,D,D,D,D,D,D,D,1,0,536
G,G,G,G,G,G,G,G,G,G,1,0,537
P,P,P,P,P,P,P,P,P,P,1,0,538
L,L,L,L,L,L,L,L,L,L,1,0,539
H,H,H,H,H,H,H,H,H,H,1,0,540
K,K,K,K,K,K,K,K,K,K,1,0,541
C,C,C,C,C,C,C,C,C,C,1,0,542
D,D,D,D,D,D,D,D,D,D,1,0,543
I,I,I,I,I,I,I,I,I,I,1,0,544
S,S,S,S,S,S,S,S,S,S,1,0,545
N,N,N,N,N,N,N,N,N,N,1,0,546
S,S,S,S,S,S,S,S,S,S,1,0,547
T,T,T,T,T,T,T,T,T,T,1,0,548
E,D,D,D,D,D,D,D,E,DE,2,1,549
A,A,A,A,A,A,A,A,A,A,1,0,550
G,G,G,G,G,G,G,G,G,G,1,0,551
Q,E,K,K,K,K,K,K,K,EK,2,1,552
K,K,K,K,K,K,K,K,K,K,1,0,553
L,L,L,L,L,L,L,L,L,L,1,0,554
F,H,H,H,H,H,H,H,H,H,1,0,555
N,Q,Q,Q,Q,Q,Q,Q,Q,Q,1,0,556
M,M,M,M,M,M,M,M,M,M,1,0,557
L,L,L,L,L,L,L,L,L,L,1,0,558
R,S,S,S,S,S,S,S,R,SR,2,1,559
L,V,V,V,V,V,V,V,V,V,1,0,560
G,G,G,G,G,G,G,G,G,G,1,0,561
K,K,K,K,K,K,K,K,K,K,1,0,562
S,S,S,S,S,S,S,S,S,S,1,0,563
E,Q,Q,Q,K,Q,Q,Q,K,QK,2,1,564
P,P,P,P,A,A,A,P,P,PA,2,1,565
W,W,W,W,W,W,W,W,W,W,1,0,566
T,T,T,T,T,T,T,T,T,T,1,0,567
L,S,S,S,E,K,K,V,V,SEKV,4,3,568
A,V,V,V,T,T,T,T,T,VT,2,1,569
L,L,L,L,L,L,L,L,L,L,1,0,570
E,K,K,K,K,E,E,K,K,KE,2,1,571
N,D,D,D,D,D,D,D,D,D,1,0,572
V,F,F,F,I,I,I,I,I,FI,2,1,573
V,V,V,V,V,V,V,V,V,V,1,0,574
G,G,D,D,D,D,D,D,D,GD,2,1,575
A,S,S,S,S,S,S,S,S,S,1,0,576
K,K,K,K,R,R,R,R,R,KR,2,1,577
N,N,D,D,N,N,N,N,N,ND,2,1,578
M,M,M,M,M,M,M,M,M,M,1,0,579
N,D,D,D,D,D,D,D,D,D,1,0,580
V,V,V,V,V,V,V,V,V,V,1,0,581
R,G,G,G,G,G,G,G,G,G,1,0,582
P,P,P,P,P,P,P,P,P,P,1,0,583
L,L,L,L,L,L,L,L,L,L,1,0,584
L,L,L,L,L,L,L,L,L,L,1,0,585
N,R,R,R,R,R,R,R,R,R,1,0,586
Y,Y,Y,Y,Y,Y,Y,Y,Y,Y,1,0,587
F,F,F,F,F,F,F,F,F,F,1,0,588
E,E,E,E,E,E,E,E,E,E,1,0,589
P,P,P,P,P,P,P,P,P,P,1,0,590
L,L,L,L,L,L,L,L,L,L,1,0,591
F,Y,Y,Y,Y,Y,Y,Y,Y,Y,1,0,592
T,T,T,T,T,T,T,T,T,T,1,0,593
W,W,W,W,W,W,W,W,W,W,1,0,594
L,L,L,L,L,L,L,L,L,L,1,0,595
K,T,K,K,Q,Q,Q,Q,Q,TKQ,3,2,596
D,E,E,E,E,E,E,E,E,E,1,0,597
Q,Q,Q,Q,Q,Q,Q,Q,Q,Q,1,0,598
N,N,N,N,N,N,N,N,N,N,1,0,599
K,R,R,R,R,R,R,R,R,R,1,0,600
N,K,N,N,K,K,K,K,K,KN,2,1,601
S,S,S,S,S,S,S,S,S,S,1,0,602
F,F,F,F,Y,Y,Y,Y,H,FYH,3,2,603
V,V,V,V,V,V,V,V,V,V,1,0,604
G,G,G,G,G,G,G,G,G,G,1,0,605
W,W,W,W,W,W,W,W,W,W,1,0,606
S,N,N,N,N,N,N,N,N,N,1,0,607
T,T,T,T,T,T,T,T,T,T,1,0,608
D,D,D,D,D,D,D,D,D,D,1,0,609
W,W,W,W,W,W,W,W,W,W,1,0,610
S,S,S,S,S,S,S,S,S,S,1,0,611
P,P,P,P,P,P,P,P,P,P,1,0,612
Y,Y,Y,H,Y,Y,Y,Y,Y,YH,2,1,613
A,A,A,A,S,S,S,S,A,AS,2,1,614
D,D,D,D,D,D,D,D,D,D,1,0,615
Q,Q,Q,Q,Q,Q,Q,Q,Q,Q,1,0,616
S,S,S,S,S,S,S,S,S,S,1,0,617
I,I,I,I,I,I,I,I,I,I,1,0,618
K,K,K,K,K,K,K,K,K,K,1,0,619
V,V,V,V,V,V,V,V,V,V,1,0,620
R,R,R,R,R,R,R,R,R,R,1,0,621
I,I,I,I,I,I,I,I,I,I,1,0,622
S,S,S,S,S,S,S,S,S,S,1,0,623
L,L,L,L,L,L,L,L,L,L,1,0,624
K,K,K,K,K,K,K,K,K,K,1,0,625
S,S,S,S,S,S,S,S,S,S,1,0,626
A,A,A,A,A,A,A,A,A,A,1,0,627
L,L,L,L,L,L,L,L,L,L,1,0,628
G,G,G,G,G,G,G,G,G,G,1,0,629
D,E,E,E,E,E,E,E,E,E,1,0,630
K,K,K,K,N,N,N,K,K,KN,2,1,631
A,A,A,A,A,A,A,A,A,A,1,0,632
Y,Y,Y,Y,Y,Y,Y,Y,Y,Y,1,0,633
E,E,E,E,E,E,E,E,E,E,1,0,634
W,W,W,W,W,W,W,W,W,W,1,0,635
N,N,N,N,N,N,N,N,N,N,1,0,636
D,N,N,N,D,D,D,D,D,ND,2,1,637
N,N,N,N,N,N,N,N,N,N,1,0,638
E,E,E,E,E,E,E,E,E,E,1,0,639
M,M,M,M,M,M,M,M,M,M,1,0,640
Y,Y,Y,Y,Y,Y,Y,Y,Y,Y,1,0,641
L,L,L,L,L,L,L,L,L,L,1,0,642
F,F,F,F,F,F,F,F,F,F,1,0,643
R,R,R,R,R,R,R,R,R,R,1,0,644
S,S,S,S,S,S,S,S,S,S,1,0,645
S,S,S,S,S,S,S,S,S,S,1,0,646
V,V,V,V,V,V,V,V,V,V,1,0,647
A,A,A,A,A,A,A,A,A,A,1,0,648
Y,Y,Y,Y,Y,Y,Y,Y,Y,Y,1,0,649
A,A,A,A,A,A,A,A,A,A,1,0,650
M,M,M,M,M,M,M,M,M,M,1,0,651
R,R,R,R,R,R,R,R,R,R,1,0,652
Q,E,E,E,E,E,E,E,E,E,1,0,653
Y,Y,Y,Y,Y,Y,Y,Y,Y,Y,1,0,654
F,F,F,F,F,F,F,F,F,F,1,0,655
L,L,L,S,L,L,L,S,L,LS,2,1,656
K,K,K,K,K,K,K,K,K,K,1,0,657
V,T,T,T,E,E,E,-,T,TE,2,1,658
K,K,K,K,K,K,K,K,K,K,1,0,659
N,N,N,N,H,H,H,N,N,NH,2,1,660
Q,Q,Q,Q,Q,Q,Q,Q,Q,Q,1,0,661
M,T,T,T,T,T,T,P,T,TP,2,1,662
I,I,I,I,I,I,I,I,I,I,1,0,663
L,L,L,L,L,L,L,L,L,L,1,0,664
F,F,F,F,F,F,F,F,F,F,1,0,665
G,G,G,G,G,G,G,G,G,G,1,0,666
E,E,E,E,A,A,A,V,D,EAVD,4,3,667
E,E,E,E,E,E,E,E,E,E,1,0,668
D,D,D,D,N,N,N,N,N,DN,2,1,669
V,V,V,V,V,V,V,V,V,V,1,0,670
R,W,W,W,W,W,W,W,W,W,1,0,671
V,V,V,V,V,V,V,V,V,V,1,0,672
A,S,S,S,S,S,S,S,S,S,1,0,673
N,N,N,N,N,N,N,N,N,N,1,0,674
L,L,L,L,L,L,L,L,L,L,1,0,675
K,K,K,K,K,K,K,K,K,K,1,0,676
P,P,P,P,P,P,P,P,P,P,1,0,677
R,R,R,R,R,R,R,R,R,R,1,0,678
I,I,I,I,I,I,I,I,I,I,1,0,679
S,S,S,S,S,S,S,S,S,S,1,0,680
F,F,F,F,F,F,F,F,F,F,1,0,681
N,N,N,N,N,N,N,N,N,N,1,0,682
F,F,F,F,F,F,F,F,F,F,1,0,683
F,Y,Y,Y,H,H,H,H,H,YH,2,1,684
V,V,V,V,V,V,V,V,V,V,1,0,685
T,T,T,T,T,T,T,T,T,T,1,0,686
A,S,S,S,S,S,S,S,S,S,1,0,687
P,P,P,P,P,P,P,P,P,P,1,0,688
K,R,R,R,G,G,G,G,G,RG,2,1,689
N,N,N,N,N,N,N,N,N,N,1,0,690
V,L,L,L,L,L,L,V,V,LV,2,1,691
S,S,S,S,S,S,S,S,S,S,1,0,692
D,D,D,D,D,D,D,D,D,D,1,0,693
I,I,I,I,I,I,I,I,I,I,1,0,694
I,I,I,I,I,I,I,I,I,I,1,0,695
P,P,P,P,P,P,P,P,P,P,1,0,696
R,R,R,R,R,R,R,R,R,R,1,0,697
T,P,P,P,P,P,P,S,P,PS,2,1,698
E,E,E,E,E,E,E,E,E,E,1,0,699
V,V,V,V,V,V,V,V,V,V,1,0,700
E,E,E,E,E,E,E,E,E,E,1,0,701
K,G,G,G,G,G,G,G,G,G,1,0,702
A,A,A,A,A,A,A,A,A,A,1,0,703
I,I,I,I,I,I,I,I,I,I,1,0,704
R,R,R,R,R,R,R,R,R,R,1,0,705
M,M,M,M,M,M,M,M,M,M,1,0,706
S,S,S,S,S,S,S,S,S,S,1,0,707
R,R,R,R,R,R,R,R,R,R,1,0,708
S,S,S,S,S,S,S,S,S,S,1,0,709
R,R,R,R,R,R,R,R,R,R,1,0,710
I,I,I,I,I,I,I,I,I,I,1,0,711
N,N,N,N,N,N,N,N,N,N,1,0,712
D,D,D,D,D,D,D,D,D,D,1,0,713
A,A,A,A,A,A,A,A,A,A,1,0,714
F,F,F,F,F,F,F,F,F,F,1,0,715
R,R,R,R,R,R,R,R,R,R,1,0,716
L,L,L,L,L,L,L,L,L,L,1,0,717
N,D,D,D,D,D,D,D,D,D,1,0,718
D,D,D,D,D,D,D,D,D,D,1,0,719
N,N,N,D,N,N,N,N,N,ND,2,1,720
S,S,S,S,S,S,S,S,S,S,1,0,721
L,L,L,L,L,L,L,L,L,L,1,0,722
E,E,E,E,E,E,E,E,E,E,1,0,723
F,F,F,F,F,F,F,F,F,F,1,0,724
L,L,L,L,L,L,L,L,V,LV,2,1,725
G,G,G,G,G,G,G,G,G,G,1,0,726
I,I,I,I,I,I,I,I,I,I,1,0,727
Q,Q,Q,Q,Q,Q,Q,Q,Q,Q,1,0,728
P,P,P,P,P,P,P,P,P,P,1,0,729
T,T,T,T,T,T,T,T,T,T,1,0,730
L,L,L,L,L,L,L,L,L,L,1,0,731
G,G,G,G,G,G,G,G,G,G,1,0,732
P,P,P,P,P,P,P,P,P,P,1,0,733
P,P,P,P,P,P,P,P,P,P,1,0,734
N,Y,Y,Y,Y,Y,Y,Y,Y,Y,1,0,735
Q,Q,Q,Q,Q,Q,Q,Q,Q,Q,1,0,736
P,P,P,P,P,P,P,P,P,P,1,0,737
P,P,P,P,P,P,P,P,P,P,1,0,738
V,V,V,V,V,V,V,V,V,V,1,0,739
S,T,T,T,T,T,T,T,T,T,1,0,740
I,I,I,I,I,I,I,I,I,I,1,0,741
W,W,W,W,W,W,W,W,W,W,1,0,742
L,L,L,L,L,L,L,L,L,L,1,0,743
I,I,I,I,I,I,I,I,I,I,1,0,744
V,V,V,V,V,V,V,V,V,V,1,0,745
F,F,F,F,F,F,F,F,F,F,1,0,746
G,G,G,G,G,G,G,G,G,G,1,0,747
V,V,V,V,V,V,V,V,V,V,1,0,748
V,V,V,V,V,V,V,V,V,V,1,0,749
M,M,M,M,M,M,M,M,M,M,1,0,750
G,A,A,A,A,A,A,A,A,A,1,0,751
V,V,V,V,V,V,V,V,V,V,1,0,752
I,V,V,V,V,V,V,V,V,V,1,0,753
V,V,V,V,V,V,V,V,V,V,1,0,754
V,V,V,V,V,V,V,V,V,V,1,0,755
G,G,G,G,G,G,G,G,G,G,1,0,756
I,I,I,I,I,I,I,I,I,I,1,0,757
V,V,V,V,V,V,V,V,V,V,1,0,758
I,V,V,V,V,V,V,V,V,V,1,0,759
L,L,L,L,L,L,L,L,L,L,1,0,760
I,I,I,I,I,I,I,I,I,I,1,0,761
F,I,I,I,I,I,I,I,I,I,1,0,762
T,T,T,T,T,T,T,T,T,T,1,0,763
G,G,G,G,G,G,G,G,G,G,1,0,764
I,I,I,I,I,I,I,I,I,I,1,0,765
R,R,R,R,R,R,R,R,R,R,1,0,766
D,D,D,D,D,D,D,D,D,D,1,0,767
R,R,R,R,R,R,R,R,R,R,1,0,768
K,R,R,R,R,R,R,R,R,R,1,0,769
K,K,K,K,K,K,K,K,K,K,1,0,770
K,K,K,K,T,T,T,T,T,KT,2,1,771
N,D,D,D,D,D,D,D,D,D,1,0,772
K,Q,Q,Q,Q,Q,Q,Q,Q,Q,1,0,773
A,A,A,A,A,A,A,A,A,A,1,0,774
R,R,R,R,R,R,R,R,R,R,1,0,775
S,S,S,S,S,S,S,S,S,S,1,0,776
G,E,E,E,E,E,E,E,E,E,1,0,777
E,E,E,E,E,E,E,E,E,E,1,0,778
N,N,N,N,N,N,N,N,N,N,1,0,779
P,P,P,P,P,P,P,P,P,P,1,0,780
Y,Y,Y,Y,Y,Y,Y,Y,Y,Y,1,0,781
A,S,S,S,S,S,S,S,S,S,1,0,782
S,S,S,S,S,S,S,S,S,S,1,0,783
I,V,V,V,V,V,V,V,V,V,1,0,784
D,D,D,D,D,D,D,D,D,D,1,0,785
I,L,L,L,L,L,L,L,L,L,1,0,786
S,S,S,S,S,S,S,N,S,SN,2,1,787
K,K,K,K,K,K,K,K,K,K,1,0,788
G,G,G,G,G,G,G,G,G,G,1,0,789
E,E,E,E,E,E,E,E,E,E,1,0,790
N,N,T,T,N,N,N,N,N,NT,2,1,791
N,N,N,N,N,N,N,N,N,N,1,0,792
P,P,P,P,P,P,P,P,P,P,1,0,793
G,G,G,G,G,G,G,G,G,G,1,0,794
F,F,F,F,F,F,F,F,F,F,1,0,795
Q,Q,Q,Q,Q,Q,Q,Q,Q,Q,1,0,796
N,N,N,N,N,N,N,N,N,N,1,0,797
T,G,G,G,G,G,G,G,G,G,1,0,798
D,D,D,D,D,D,D,D,D,D,1,0,799
D,D,D,D,D,D,D,D,D,D,1,0,800
V,V,V,V,V,V,V,V,V,V,1,0,801
Q,Q,Q,Q,Q,Q,Q,Q,Q,Q,1,0,802
T,T,T,T,T,T,T,T,T,T,1,0,803
S,S,S,S,S,S,S,S,S,S,1,0,804
F,F,F,F,F,F,F,F,F,F,1,0,805
