species,variable,value
H.sapiens,H.sapiens,0
R.ferrumequinum_470,H.sapiens,157
R.[PDF-2370],H.sapiens,150
R.ferrumequinum,H.sapiens,149
R.ferrumequinum_663,H.sapiens,151
R.alcyone,H.sapiens,157
R.landeri,H.sapiens,156
R.shameli,H.sapiens,156
R.affinis_227,H.sapiens,153
R.affinis_229,H.sapiens,154
R.affinis_242,H.sapiens,155
R.affinis_240,H.sapiens,155
R.affinis_233,H.sapiens,156
R.affinis,H.sapiens,155
R.affinis_231,H.sapiens,156
R.pearsonii,H.sapiens,148
R.sinicus_475,H.sapiens,156
R.sinicus_215,H.sapiens,155
R.sinicus_217,H.sapiens,154
R.sinicus_204,H.sapiens,155
R.sinicus_214,H.sapiens,154
R.sinicus_200,H.sapiens,156
R.sinicus_275,H.sapiens,156
R.sinicus_211,H.sapiens,155
R.sinicus_210,H.sapiens,155
R.sinicus_219,H.sapiens,154
R.sinicus_216,H.sapiens,156
R.sinicus_202,H.sapiens,154
R.sinicus_206,H.sapiens,153
R.sinicus_472,H.sapiens,160
R.sinicus_212,H.sapiens,155
R.sinicus_803,H.sapiens,155
R.sinicus_221,H.sapiens,155
R.sinicus_203,H.sapiens,155
R.sinicus_205,H.sapiens,156
R.macrotis,H.sapiens,154
R.pusillus,H.sapiens,157
R.cornutus,H.sapiens,154
H.sapiens,R.ferrumequinum_470,157
R.ferrumequinum_470,R.ferrumequinum_470,0
R.[PDF-2370],R.ferrumequinum_470,10
R.ferrumequinum,R.ferrumequinum_470,9
R.ferrumequinum_663,R.ferrumequinum_470,8
R.alcyone,R.ferrumequinum_470,29
R.landeri,R.ferrumequinum_470,32
R.shameli,R.ferrumequinum_470,63
R.affinis_227,R.ferrumequinum_470,64
R.affinis_229,R.ferrumequinum_470,65
R.affinis_242,R.ferrumequinum_470,65
R.affinis_240,R.ferrumequinum_470,65
R.affinis_233,R.ferrumequinum_470,65
R.affinis,R.ferrumequinum_470,64
R.affinis_231,R.ferrumequinum_470,64
R.pearsonii,R.ferrumequinum_470,62
R.sinicus_475,R.ferrumequinum_470,63
R.sinicus_215,R.ferrumequinum_470,60
R.sinicus_217,R.ferrumequinum_470,61
R.sinicus_204,R.ferrumequinum_470,62
R.sinicus_214,R.ferrumequinum_470,61
R.sinicus_200,R.ferrumequinum_470,62
R.sinicus_275,R.ferrumequinum_470,63
R.sinicus_211,R.ferrumequinum_470,61
R.sinicus_210,R.ferrumequinum_470,63
R.sinicus_219,R.ferrumequinum_470,62
R.sinicus_216,R.ferrumequinum_470,61
R.sinicus_202,R.ferrumequinum_470,62
R.sinicus_206,R.ferrumequinum_470,62
R.sinicus_472,R.ferrumequinum_470,65
R.sinicus_212,R.ferrumequinum_470,61
R.sinicus_803,R.ferrumequinum_470,62
R.sinicus_221,R.ferrumequinum_470,63
R.sinicus_203,R.ferrumequinum_470,63
R.sinicus_205,R.ferrumequinum_470,65
R.macrotis,R.ferrumequinum_470,64
R.pusillus,R.ferrumequinum_470,71
R.cornutus,R.ferrumequinum_470,67
H.sapiens,R.[PDF-2370],150
R.ferrumequinum_470,R.[PDF-2370],10
R.[PDF-2370],R.[PDF-2370],0
R.ferrumequinum,R.[PDF-2370],5
R.ferrumequinum_663,R.[PDF-2370],4
R.alcyone,R.[PDF-2370],25
R.landeri,R.[PDF-2370],28
R.shameli,R.[PDF-2370],58
R.affinis_227,R.[PDF-2370],59
R.affinis_229,R.[PDF-2370],60
R.affinis_242,R.[PDF-2370],60
R.affinis_240,R.[PDF-2370],60
R.affinis_233,R.[PDF-2370],60
R.affinis,R.[PDF-2370],59
R.affinis_231,R.[PDF-2370],59
R.pearsonii,R.[PDF-2370],56
R.sinicus_475,R.[PDF-2370],58
R.sinicus_215,R.[PDF-2370],55
R.sinicus_217,R.[PDF-2370],56
R.sinicus_204,R.[PDF-2370],57
R.sinicus_214,R.[PDF-2370],56
R.sinicus_200,R.[PDF-2370],58
R.sinicus_275,R.[PDF-2370],59
R.sinicus_211,R.[PDF-2370],56
R.sinicus_210,R.[PDF-2370],58
R.sinicus_219,R.[PDF-2370],57
R.sinicus_216,R.[PDF-2370],56
R.sinicus_202,R.[PDF-2370],57
R.sinicus_206,R.[PDF-2370],57
R.sinicus_472,R.[PDF-2370],62
R.sinicus_212,R.[PDF-2370],56
R.sinicus_803,R.[PDF-2370],57
R.sinicus_221,R.[PDF-2370],58
R.sinicus_203,R.[PDF-2370],58
R.sinicus_205,R.[PDF-2370],60
R.macrotis,R.[PDF-2370],61
R.pusillus,R.[PDF-2370],66
R.cornutus,R.[PDF-2370],62
H.sapiens,R.ferrumequinum,149
R.ferrumequinum_470,R.ferrumequinum,9
R.[PDF-2370],R.ferrumequinum,5
R.ferrumequinum,R.ferrumequinum,0
R.ferrumequinum_663,R.ferrumequinum,3
R.alcyone,R.ferrumequinum,24
R.landeri,R.ferrumequinum,27
R.shameli,R.ferrumequinum,58
R.affinis_227,R.ferrumequinum,59
R.affinis_229,R.ferrumequinum,60
R.affinis_242,R.ferrumequinum,60
R.affinis_240,R.ferrumequinum,60
R.affinis_233,R.ferrumequinum,60
R.affinis,R.ferrumequinum,59
R.affinis_231,R.ferrumequinum,59
R.pearsonii,R.ferrumequinum,57
R.sinicus_475,R.ferrumequinum,58
R.sinicus_215,R.ferrumequinum,55
R.sinicus_217,R.ferrumequinum,56
R.sinicus_204,R.ferrumequinum,57
R.sinicus_214,R.ferrumequinum,56
R.sinicus_200,R.ferrumequinum,57
R.sinicus_275,R.ferrumequinum,58
R.sinicus_211,R.ferrumequinum,56
R.sinicus_210,R.ferrumequinum,58
R.sinicus_219,R.ferrumequinum,57
R.sinicus_216,R.ferrumequinum,56
R.sinicus_202,R.ferrumequinum,57
R.sinicus_206,R.ferrumequinum,57
R.sinicus_472,R.ferrumequinum,62
R.sinicus_212,R.ferrumequinum,56
R.sinicus_803,R.ferrumequinum,57
R.sinicus_221,R.ferrumequinum,58
R.sinicus_203,R.ferrumequinum,58
R.sinicus_205,R.ferrumequinum,60
R.macrotis,R.ferrumequinum,61
R.pusillus,R.ferrumequinum,66
R.cornutus,R.ferrumequinum,62
H.sapiens,R.ferrumequinum_663,151
R.ferrumequinum_470,R.ferrumequinum_663,8
R.[PDF-2370],R.ferrumequinum_663,4
R.ferrumequinum,R.ferrumequinum_663,3
R.ferrumequinum_663,R.ferrumequinum_663,0
R.alcyone,R.ferrumequinum_663,23
R.landeri,R.ferrumequinum_663,26
R.shameli,R.ferrumequinum_663,57
R.affinis_227,R.ferrumequinum_663,58
R.affinis_229,R.ferrumequinum_663,59
R.affinis_242,R.ferrumequinum_663,59
R.affinis_240,R.ferrumequinum_663,59
R.affinis_233,R.ferrumequinum_663,59
R.affinis,R.ferrumequinum_663,58
R.affinis_231,R.ferrumequinum_663,58
R.pearsonii,R.ferrumequinum_663,56
R.sinicus_475,R.ferrumequinum_663,57
R.sinicus_215,R.ferrumequinum_663,54
R.sinicus_217,R.ferrumequinum_663,55
R.sinicus_204,R.ferrumequinum_663,56
R.sinicus_214,R.ferrumequinum_663,55
R.sinicus_200,R.ferrumequinum_663,56
R.sinicus_275,R.ferrumequinum_663,57
R.sinicus_211,R.ferrumequinum_663,55
R.sinicus_210,R.ferrumequinum_663,57
R.sinicus_219,R.ferrumequinum_663,56
R.sinicus_216,R.ferrumequinum_663,55
R.sinicus_202,R.ferrumequinum_663,56
R.sinicus_206,R.ferrumequinum_663,56
R.sinicus_472,R.ferrumequinum_663,61
R.sinicus_212,R.ferrumequinum_663,55
R.sinicus_803,R.ferrumequinum_663,56
R.sinicus_221,R.ferrumequinum_663,57
R.sinicus_203,R.ferrumequinum_663,57
R.sinicus_205,R.ferrumequinum_663,59
R.macrotis,R.ferrumequinum_663,60
R.pusillus,R.ferrumequinum_663,65
R.cornutus,R.ferrumequinum_663,61
H.sapiens,R.alcyone,157
R.ferrumequinum_470,R.alcyone,29
R.[PDF-2370],R.alcyone,25
R.ferrumequinum,R.alcyone,24
R.ferrumequinum_663,R.alcyone,23
R.alcyone,R.alcyone,0
R.landeri,R.alcyone,10
R.shameli,R.alcyone,66
R.affinis_227,R.alcyone,65
R.affinis_229,R.alcyone,66
R.affinis_242,R.alcyone,66
R.affinis_240,R.alcyone,66
R.affinis_233,R.alcyone,66
R.affinis,R.alcyone,65
R.affinis_231,R.alcyone,65
R.pearsonii,R.alcyone,64
R.sinicus_475,R.alcyone,66
R.sinicus_215,R.alcyone,63
R.sinicus_217,R.alcyone,64
R.sinicus_204,R.alcyone,65
R.sinicus_214,R.alcyone,64
R.sinicus_200,R.alcyone,64
R.sinicus_275,R.alcyone,65
R.sinicus_211,R.alcyone,63
R.sinicus_210,R.alcyone,65
R.sinicus_219,R.alcyone,64
R.sinicus_216,R.alcyone,64
R.sinicus_202,R.alcyone,64
R.sinicus_206,R.alcyone,64
R.sinicus_472,R.alcyone,69
R.sinicus_212,R.alcyone,64
R.sinicus_803,R.alcyone,65
R.sinicus_221,R.alcyone,65
R.sinicus_203,R.alcyone,65
R.sinicus_205,R.alcyone,67
R.macrotis,R.alcyone,69
R.pusillus,R.alcyone,77
R.cornutus,R.alcyone,73
H.sapiens,R.landeri,156
R.ferrumequinum_470,R.landeri,32
R.[PDF-2370],R.landeri,28
R.ferrumequinum,R.landeri,27
R.ferrumequinum_663,R.landeri,26
R.alcyone,R.landeri,10
R.landeri,R.landeri,0
R.shameli,R.landeri,68
R.affinis_227,R.landeri,67
R.affinis_229,R.landeri,68
R.affinis_242,R.landeri,68
R.affinis_240,R.landeri,68
R.affinis_233,R.landeri,68
R.affinis,R.landeri,67
R.affinis_231,R.landeri,67
R.pearsonii,R.landeri,69
R.sinicus_475,R.landeri,65
R.sinicus_215,R.landeri,62
R.sinicus_217,R.landeri,63
R.sinicus_204,R.landeri,64
R.sinicus_214,R.landeri,63
R.sinicus_200,R.landeri,65
R.sinicus_275,R.landeri,66
R.sinicus_211,R.landeri,64
R.sinicus_210,R.landeri,66
R.sinicus_219,R.landeri,65
R.sinicus_216,R.landeri,64
R.sinicus_202,R.landeri,65
R.sinicus_206,R.landeri,65
R.sinicus_472,R.landeri,71
R.sinicus_212,R.landeri,65
R.sinicus_803,R.landeri,66
R.sinicus_221,R.landeri,65
R.sinicus_203,R.landeri,67
R.sinicus_205,R.landeri,69
R.macrotis,R.landeri,68
R.pusillus,R.landeri,76
R.cornutus,R.landeri,72
H.sapiens,R.shameli,156
R.ferrumequinum_470,R.shameli,63
R.[PDF-2370],R.shameli,58
R.ferrumequinum,R.shameli,58
R.ferrumequinum_663,R.shameli,57
R.alcyone,R.shameli,66
R.landeri,R.shameli,68
R.shameli,R.shameli,0
R.affinis_227,R.shameli,14
R.affinis_229,R.shameli,14
R.affinis_242,R.shameli,13
R.affinis_240,R.shameli,13
R.affinis_233,R.shameli,13
R.affinis,R.shameli,12
R.affinis_231,R.shameli,12
R.pearsonii,R.shameli,35
R.sinicus_475,R.shameli,40
R.sinicus_215,R.shameli,39
R.sinicus_217,R.shameli,39
R.sinicus_204,R.shameli,39
R.sinicus_214,R.shameli,38
R.sinicus_200,R.shameli,40
R.sinicus_275,R.shameli,42
R.sinicus_211,R.shameli,39
R.sinicus_210,R.shameli,39
R.sinicus_219,R.shameli,38
R.sinicus_216,R.shameli,39
R.sinicus_202,R.shameli,37
R.sinicus_206,R.shameli,37
R.sinicus_472,R.shameli,42
R.sinicus_212,R.shameli,38
R.sinicus_803,R.shameli,39
R.sinicus_221,R.shameli,39
R.sinicus_203,R.shameli,38
R.sinicus_205,R.shameli,40
R.macrotis,R.shameli,40
R.pusillus,R.shameli,44
R.cornutus,R.shameli,40
H.sapiens,R.affinis_227,153
R.ferrumequinum_470,R.affinis_227,64
R.[PDF-2370],R.affinis_227,59
R.ferrumequinum,R.affinis_227,59
R.ferrumequinum_663,R.affinis_227,58
R.alcyone,R.affinis_227,65
R.landeri,R.affinis_227,67
R.shameli,R.affinis_227,14
R.affinis_227,R.affinis_227,0
R.affinis_229,R.affinis_227,2
R.affinis_242,R.affinis_227,4
R.affinis_240,R.affinis_227,4
R.affinis_233,R.affinis_227,4
R.affinis,R.affinis_227,3
R.affinis_231,R.affinis_227,4
R.pearsonii,R.affinis_227,34
R.sinicus_475,R.affinis_227,41
R.sinicus_215,R.affinis_227,40
R.sinicus_217,R.affinis_227,40
R.sinicus_204,R.affinis_227,40
R.sinicus_214,R.affinis_227,39
R.sinicus_200,R.affinis_227,40
R.sinicus_275,R.affinis_227,42
R.sinicus_211,R.affinis_227,38
R.sinicus_210,R.affinis_227,38
R.sinicus_219,R.affinis_227,37
R.sinicus_216,R.affinis_227,39
R.sinicus_202,R.affinis_227,37
R.sinicus_206,R.affinis_227,37
R.sinicus_472,R.affinis_227,44
R.sinicus_212,R.affinis_227,41
R.sinicus_803,R.affinis_227,42
R.sinicus_221,R.affinis_227,40
R.sinicus_203,R.affinis_227,40
R.sinicus_205,R.affinis_227,42
R.macrotis,R.affinis_227,41
R.pusillus,R.affinis_227,42
R.cornutus,R.affinis_227,39
H.sapiens,R.affinis_229,154
R.ferrumequinum_470,R.affinis_229,65
R.[PDF-2370],R.affinis_229,60
R.ferrumequinum,R.affinis_229,60
R.ferrumequinum_663,R.affinis_229,59
R.alcyone,R.affinis_229,66
R.landeri,R.affinis_229,68
R.shameli,R.affinis_229,14
R.affinis_227,R.affinis_229,2
R.affinis_229,R.affinis_229,0
R.affinis_242,R.affinis_229,4
R.affinis_240,R.affinis_229,4
R.affinis_233,R.affinis_229,4
R.affinis,R.affinis_229,3
R.affinis_231,R.affinis_229,4
R.pearsonii,R.affinis_229,36
R.sinicus_475,R.affinis_229,41
R.sinicus_215,R.affinis_229,40
R.sinicus_217,R.affinis_229,40
R.sinicus_204,R.affinis_229,40
R.sinicus_214,R.affinis_229,39
R.sinicus_200,R.affinis_229,40
R.sinicus_275,R.affinis_229,42
R.sinicus_211,R.affinis_229,38
R.sinicus_210,R.affinis_229,38
R.sinicus_219,R.affinis_229,37
R.sinicus_216,R.affinis_229,39
R.sinicus_202,R.affinis_229,37
R.sinicus_206,R.affinis_229,37
R.sinicus_472,R.affinis_229,44
R.sinicus_212,R.affinis_229,41
R.sinicus_803,R.affinis_229,42
R.sinicus_221,R.affinis_229,40
R.sinicus_203,R.affinis_229,40
R.sinicus_205,R.affinis_229,42
R.macrotis,R.affinis_229,41
R.pusillus,R.affinis_229,42
R.cornutus,R.affinis_229,39
H.sapiens,R.affinis_242,155
R.ferrumequinum_470,R.affinis_242,65
R.[PDF-2370],R.affinis_242,60
R.ferrumequinum,R.affinis_242,60
R.ferrumequinum_663,R.affinis_242,59
R.alcyone,R.affinis_242,66
R.landeri,R.affinis_242,68
R.shameli,R.affinis_242,13
R.affinis_227,R.affinis_242,4
R.affinis_229,R.affinis_242,4
R.affinis_242,R.affinis_242,0
R.affinis_240,R.affinis_242,2
R.affinis_233,R.affinis_242,2
R.affinis,R.affinis_242,1
R.affinis_231,R.affinis_242,2
R.pearsonii,R.affinis_242,35
R.sinicus_475,R.affinis_242,41
R.sinicus_215,R.affinis_242,40
R.sinicus_217,R.affinis_242,40
R.sinicus_204,R.affinis_242,40
R.sinicus_214,R.affinis_242,39
R.sinicus_200,R.affinis_242,40
R.sinicus_275,R.affinis_242,42
R.sinicus_211,R.affinis_242,39
R.sinicus_210,R.affinis_242,39
R.sinicus_219,R.affinis_242,38
R.sinicus_216,R.affinis_242,40
R.sinicus_202,R.affinis_242,38
R.sinicus_206,R.affinis_242,38
R.sinicus_472,R.affinis_242,45
R.sinicus_212,R.affinis_242,42
R.sinicus_803,R.affinis_242,43
R.sinicus_221,R.affinis_242,40
R.sinicus_203,R.affinis_242,41
R.sinicus_205,R.affinis_242,43
R.macrotis,R.affinis_242,42
R.pusillus,R.affinis_242,43
R.cornutus,R.affinis_242,39
H.sapiens,R.affinis_240,155
R.ferrumequinum_470,R.affinis_240,65
R.[PDF-2370],R.affinis_240,60
R.ferrumequinum,R.affinis_240,60
R.ferrumequinum_663,R.affinis_240,59
R.alcyone,R.affinis_240,66
R.landeri,R.affinis_240,68
R.shameli,R.affinis_240,13
R.affinis_227,R.affinis_240,4
R.affinis_229,R.affinis_240,4
R.affinis_242,R.affinis_240,2
R.affinis_240,R.affinis_240,0
R.affinis_233,R.affinis_240,2
R.affinis,R.affinis_240,1
R.affinis_231,R.affinis_240,2
R.pearsonii,R.affinis_240,36
R.sinicus_475,R.affinis_240,39
R.sinicus_215,R.affinis_240,38
R.sinicus_217,R.affinis_240,38
R.sinicus_204,R.affinis_240,38
R.sinicus_214,R.affinis_240,37
R.sinicus_200,R.affinis_240,38
R.sinicus_275,R.affinis_240,40
R.sinicus_211,R.affinis_240,37
R.sinicus_210,R.affinis_240,37
R.sinicus_219,R.affinis_240,36
R.sinicus_216,R.affinis_240,38
R.sinicus_202,R.affinis_240,36
R.sinicus_206,R.affinis_240,36
R.sinicus_472,R.affinis_240,43
R.sinicus_212,R.affinis_240,40
R.sinicus_803,R.affinis_240,41
R.sinicus_221,R.affinis_240,38
R.sinicus_203,R.affinis_240,39
R.sinicus_205,R.affinis_240,41
R.macrotis,R.affinis_240,40
R.pusillus,R.affinis_240,41
R.cornutus,R.affinis_240,37
H.sapiens,R.affinis_233,156
R.ferrumequinum_470,R.affinis_233,65
R.[PDF-2370],R.affinis_233,60
R.ferrumequinum,R.affinis_233,60
R.ferrumequinum_663,R.affinis_233,59
R.alcyone,R.affinis_233,66
R.landeri,R.affinis_233,68
R.shameli,R.affinis_233,13
R.affinis_227,R.affinis_233,4
R.affinis_229,R.affinis_233,4
R.affinis_242,R.affinis_233,2
R.affinis_240,R.affinis_233,2
R.affinis_233,R.affinis_233,0
R.affinis,R.affinis_233,1
R.affinis_231,R.affinis_233,2
R.pearsonii,R.affinis_233,36
R.sinicus_475,R.affinis_233,41
R.sinicus_215,R.affinis_233,40
R.sinicus_217,R.affinis_233,40
R.sinicus_204,R.affinis_233,40
R.sinicus_214,R.affinis_233,39
R.sinicus_200,R.affinis_233,40
R.sinicus_275,R.affinis_233,42
R.sinicus_211,R.affinis_233,39
R.sinicus_210,R.affinis_233,39
R.sinicus_219,R.affinis_233,38
R.sinicus_216,R.affinis_233,40
R.sinicus_202,R.affinis_233,38
R.sinicus_206,R.affinis_233,38
R.sinicus_472,R.affinis_233,45
R.sinicus_212,R.affinis_233,42
R.sinicus_803,R.affinis_233,43
R.sinicus_221,R.affinis_233,40
R.sinicus_203,R.affinis_233,41
R.sinicus_205,R.affinis_233,43
R.macrotis,R.affinis_233,42
R.pusillus,R.affinis_233,43
R.cornutus,R.affinis_233,39
H.sapiens,R.affinis,155
R.ferrumequinum_470,R.affinis,64
R.[PDF-2370],R.affinis,59
R.ferrumequinum,R.affinis,59
R.ferrumequinum_663,R.affinis,58
R.alcyone,R.affinis,65
R.landeri,R.affinis,67
R.shameli,R.affinis,12
R.affinis_227,R.affinis,3
R.affinis_229,R.affinis,3
R.affinis_242,R.affinis,1
R.affinis_240,R.affinis,1
R.affinis_233,R.affinis,1
R.affinis,R.affinis,0
R.affinis_231,R.affinis,1
R.pearsonii,R.affinis,35
R.sinicus_475,R.affinis,40
R.sinicus_215,R.affinis,39
R.sinicus_217,R.affinis,39
R.sinicus_204,R.affinis,39
R.sinicus_214,R.affinis,38
R.sinicus_200,R.affinis,39
R.sinicus_275,R.affinis,41
R.sinicus_211,R.affinis,38
R.sinicus_210,R.affinis,38
R.sinicus_219,R.affinis,37
R.sinicus_216,R.affinis,39
R.sinicus_202,R.affinis,37
R.sinicus_206,R.affinis,37
R.sinicus_472,R.affinis,44
R.sinicus_212,R.affinis,41
R.sinicus_803,R.affinis,42
R.sinicus_221,R.affinis,39
R.sinicus_203,R.affinis,40
R.sinicus_205,R.affinis,42
R.macrotis,R.affinis,41
R.pusillus,R.affinis,42
R.cornutus,R.affinis,38
H.sapiens,R.affinis_231,156
R.ferrumequinum_470,R.affinis_231,64
R.[PDF-2370],R.affinis_231,59
R.ferrumequinum,R.affinis_231,59
R.ferrumequinum_663,R.affinis_231,58
R.alcyone,R.affinis_231,65
R.landeri,R.affinis_231,67
R.shameli,R.affinis_231,12
R.affinis_227,R.affinis_231,4
R.affinis_229,R.affinis_231,4
R.affinis_242,R.affinis_231,2
R.affinis_240,R.affinis_231,2
R.affinis_233,R.affinis_231,2
R.affinis,R.affinis_231,1
R.affinis_231,R.affinis_231,0
R.pearsonii,R.affinis_231,36
R.sinicus_475,R.affinis_231,41
R.sinicus_215,R.affinis_231,40
R.sinicus_217,R.affinis_231,40
R.sinicus_204,R.affinis_231,40
R.sinicus_214,R.affinis_231,39
R.sinicus_200,R.affinis_231,40
R.sinicus_275,R.affinis_231,42
R.sinicus_211,R.affinis_231,39
R.sinicus_210,R.affinis_231,39
R.sinicus_219,R.affinis_231,38
R.sinicus_216,R.affinis_231,40
R.sinicus_202,R.affinis_231,38
R.sinicus_206,R.affinis_231,38
R.sinicus_472,R.affinis_231,45
R.sinicus_212,R.affinis_231,42
R.sinicus_803,R.affinis_231,43
R.sinicus_221,R.affinis_231,40
R.sinicus_203,R.affinis_231,41
R.sinicus_205,R.affinis_231,43
R.macrotis,R.affinis_231,42
R.pusillus,R.affinis_231,43
R.cornutus,R.affinis_231,39
H.sapiens,R.pearsonii,148
R.ferrumequinum_470,R.pearsonii,62
R.[PDF-2370],R.pearsonii,56
R.ferrumequinum,R.pearsonii,57
R.ferrumequinum_663,R.pearsonii,56
R.alcyone,R.pearsonii,64
R.landeri,R.pearsonii,69
R.shameli,R.pearsonii,35
R.affinis_227,R.pearsonii,34
R.affinis_229,R.pearsonii,36
R.affinis_242,R.pearsonii,35
R.affinis_240,R.pearsonii,36
R.affinis_233,R.pearsonii,36
R.affinis,R.pearsonii,35
R.affinis_231,R.pearsonii,36
R.pearsonii,R.pearsonii,0
R.sinicus_475,R.pearsonii,42
R.sinicus_215,R.pearsonii,42
R.sinicus_217,R.pearsonii,42
R.sinicus_204,R.pearsonii,40
R.sinicus_214,R.pearsonii,41
R.sinicus_200,R.pearsonii,41
R.sinicus_275,R.pearsonii,41
R.sinicus_211,R.pearsonii,39
R.sinicus_210,R.pearsonii,39
R.sinicus_219,R.pearsonii,38
R.sinicus_216,R.pearsonii,39
R.sinicus_202,R.pearsonii,36
R.sinicus_206,R.pearsonii,38
R.sinicus_472,R.pearsonii,38
R.sinicus_212,R.pearsonii,39
R.sinicus_803,R.pearsonii,40
R.sinicus_221,R.pearsonii,40
R.sinicus_203,R.pearsonii,38
R.sinicus_205,R.pearsonii,40
R.macrotis,R.pearsonii,36
R.pusillus,R.pearsonii,48
R.cornutus,R.pearsonii,45
H.sapiens,R.sinicus_475,156
R.ferrumequinum_470,R.sinicus_475,63
R.[PDF-2370],R.sinicus_475,58
R.ferrumequinum,R.sinicus_475,58
R.ferrumequinum_663,R.sinicus_475,57
R.alcyone,R.sinicus_475,66
R.landeri,R.sinicus_475,65
R.shameli,R.sinicus_475,40
R.affinis_227,R.sinicus_475,41
R.affinis_229,R.sinicus_475,41
R.affinis_242,R.sinicus_475,41
R.affinis_240,R.sinicus_475,39
R.affinis_233,R.sinicus_475,41
R.affinis,R.sinicus_475,40
R.affinis_231,R.sinicus_475,41
R.pearsonii,R.sinicus_475,42
R.sinicus_475,R.sinicus_475,0
R.sinicus_215,R.sinicus_475,6
R.sinicus_217,R.sinicus_475,4
R.sinicus_204,R.sinicus_475,4
R.sinicus_214,R.sinicus_475,3
R.sinicus_200,R.sinicus_475,7
R.sinicus_275,R.sinicus_475,8
R.sinicus_211,R.sinicus_475,8
R.sinicus_210,R.sinicus_475,8
R.sinicus_219,R.sinicus_475,7
R.sinicus_216,R.sinicus_475,10
R.sinicus_202,R.sinicus_475,9
R.sinicus_206,R.sinicus_475,6
R.sinicus_472,R.sinicus_475,15
R.sinicus_212,R.sinicus_475,12
R.sinicus_803,R.sinicus_475,13
R.sinicus_221,R.sinicus_475,8
R.sinicus_203,R.sinicus_475,10
R.sinicus_205,R.sinicus_475,12
R.macrotis,R.sinicus_475,36
R.pusillus,R.sinicus_475,40
R.cornutus,R.sinicus_475,37
H.sapiens,R.sinicus_215,155
R.ferrumequinum_470,R.sinicus_215,60
R.[PDF-2370],R.sinicus_215,55
R.ferrumequinum,R.sinicus_215,55
R.ferrumequinum_663,R.sinicus_215,54
R.alcyone,R.sinicus_215,63
R.landeri,R.sinicus_215,62
R.shameli,R.sinicus_215,39
R.affinis_227,R.sinicus_215,40
R.affinis_229,R.sinicus_215,40
R.affinis_242,R.sinicus_215,40
R.affinis_240,R.sinicus_215,38
R.affinis_233,R.sinicus_215,40
R.affinis,R.sinicus_215,39
R.affinis_231,R.sinicus_215,40
R.pearsonii,R.sinicus_215,42
R.sinicus_475,R.sinicus_215,6
R.sinicus_215,R.sinicus_215,0
R.sinicus_217,R.sinicus_215,4
R.sinicus_204,R.sinicus_215,4
R.sinicus_214,R.sinicus_215,3
R.sinicus_200,R.sinicus_215,7
R.sinicus_275,R.sinicus_215,8
R.sinicus_211,R.sinicus_215,4
R.sinicus_210,R.sinicus_215,4
R.sinicus_219,R.sinicus_215,5
R.sinicus_216,R.sinicus_215,8
R.sinicus_202,R.sinicus_215,9
R.sinicus_206,R.sinicus_215,6
R.sinicus_472,R.sinicus_215,17
R.sinicus_212,R.sinicus_215,8
R.sinicus_803,R.sinicus_215,9
R.sinicus_221,R.sinicus_215,8
R.sinicus_203,R.sinicus_215,10
R.sinicus_205,R.sinicus_215,12
R.macrotis,R.sinicus_215,36
R.pusillus,R.sinicus_215,38
R.cornutus,R.sinicus_215,35
H.sapiens,R.sinicus_217,154
R.ferrumequinum_470,R.sinicus_217,61
R.[PDF-2370],R.sinicus_217,56
R.ferrumequinum,R.sinicus_217,56
R.ferrumequinum_663,R.sinicus_217,55
R.alcyone,R.sinicus_217,64
R.landeri,R.sinicus_217,63
R.shameli,R.sinicus_217,39
R.affinis_227,R.sinicus_217,40
R.affinis_229,R.sinicus_217,40
R.affinis_242,R.sinicus_217,40
R.affinis_240,R.sinicus_217,38
R.affinis_233,R.sinicus_217,40
R.affinis,R.sinicus_217,39
R.affinis_231,R.sinicus_217,40
R.pearsonii,R.sinicus_217,42
R.sinicus_475,R.sinicus_217,4
R.sinicus_215,R.sinicus_217,4
R.sinicus_217,R.sinicus_217,0
R.sinicus_204,R.sinicus_217,2
R.sinicus_214,R.sinicus_217,1
R.sinicus_200,R.sinicus_217,5
R.sinicus_275,R.sinicus_217,6
R.sinicus_211,R.sinicus_217,6
R.sinicus_210,R.sinicus_217,6
R.sinicus_219,R.sinicus_217,5
R.sinicus_216,R.sinicus_217,8
R.sinicus_202,R.sinicus_217,7
R.sinicus_206,R.sinicus_217,4
R.sinicus_472,R.sinicus_217,15
R.sinicus_212,R.sinicus_217,10
R.sinicus_803,R.sinicus_217,11
R.sinicus_221,R.sinicus_217,6
R.sinicus_203,R.sinicus_217,8
R.sinicus_205,R.sinicus_217,10
R.macrotis,R.sinicus_217,36
R.pusillus,R.sinicus_217,37
R.cornutus,R.sinicus_217,35
H.sapiens,R.sinicus_204,155
R.ferrumequinum_470,R.sinicus_204,62
R.[PDF-2370],R.sinicus_204,57
R.ferrumequinum,R.sinicus_204,57
R.ferrumequinum_663,R.sinicus_204,56
R.alcyone,R.sinicus_204,65
R.landeri,R.sinicus_204,64
R.shameli,R.sinicus_204,39
R.affinis_227,R.sinicus_204,40
R.affinis_229,R.sinicus_204,40
R.affinis_242,R.sinicus_204,40
R.affinis_240,R.sinicus_204,38
R.affinis_233,R.sinicus_204,40
R.affinis,R.sinicus_204,39
R.affinis_231,R.sinicus_204,40
R.pearsonii,R.sinicus_204,40
R.sinicus_475,R.sinicus_204,4
R.sinicus_215,R.sinicus_204,4
R.sinicus_217,R.sinicus_204,2
R.sinicus_204,R.sinicus_204,0
R.sinicus_214,R.sinicus_204,1
R.sinicus_200,R.sinicus_204,5
R.sinicus_275,R.sinicus_204,4
R.sinicus_211,R.sinicus_204,6
R.sinicus_210,R.sinicus_204,6
R.sinicus_219,R.sinicus_204,5
R.sinicus_216,R.sinicus_204,8
R.sinicus_202,R.sinicus_204,7
R.sinicus_206,R.sinicus_204,4
R.sinicus_472,R.sinicus_204,15
R.sinicus_212,R.sinicus_204,10
R.sinicus_803,R.sinicus_204,11
R.sinicus_221,R.sinicus_204,6
R.sinicus_203,R.sinicus_204,8
R.sinicus_205,R.sinicus_204,10
R.macrotis,R.sinicus_204,36
R.pusillus,R.sinicus_204,37
R.cornutus,R.sinicus_204,34
H.sapiens,R.sinicus_214,154
R.ferrumequinum_470,R.sinicus_214,61
R.[PDF-2370],R.sinicus_214,56
R.ferrumequinum,R.sinicus_214,56
R.ferrumequinum_663,R.sinicus_214,55
R.alcyone,R.sinicus_214,64
R.landeri,R.sinicus_214,63
R.shameli,R.sinicus_214,38
R.affinis_227,R.sinicus_214,39
R.affinis_229,R.sinicus_214,39
R.affinis_242,R.sinicus_214,39
R.affinis_240,R.sinicus_214,37
R.affinis_233,R.sinicus_214,39
R.affinis,R.sinicus_214,38
R.affinis_231,R.sinicus_214,39
R.pearsonii,R.sinicus_214,41
R.sinicus_475,R.sinicus_214,3
R.sinicus_215,R.sinicus_214,3
R.sinicus_217,R.sinicus_214,1
R.sinicus_204,R.sinicus_214,1
R.sinicus_214,R.sinicus_214,0
R.sinicus_200,R.sinicus_214,4
R.sinicus_275,R.sinicus_214,5
R.sinicus_211,R.sinicus_214,5
R.sinicus_210,R.sinicus_214,5
R.sinicus_219,R.sinicus_214,4
R.sinicus_216,R.sinicus_214,7
R.sinicus_202,R.sinicus_214,6
R.sinicus_206,R.sinicus_214,3
R.sinicus_472,R.sinicus_214,14
R.sinicus_212,R.sinicus_214,9
R.sinicus_803,R.sinicus_214,10
R.sinicus_221,R.sinicus_214,5
R.sinicus_203,R.sinicus_214,7
R.sinicus_205,R.sinicus_214,9
R.macrotis,R.sinicus_214,35
R.pusillus,R.sinicus_214,37
R.cornutus,R.sinicus_214,34
H.sapiens,R.sinicus_200,156
R.ferrumequinum_470,R.sinicus_200,62
R.[PDF-2370],R.sinicus_200,58
R.ferrumequinum,R.sinicus_200,57
R.ferrumequinum_663,R.sinicus_200,56
R.alcyone,R.sinicus_200,64
R.landeri,R.sinicus_200,65
R.shameli,R.sinicus_200,40
R.affinis_227,R.sinicus_200,40
R.affinis_229,R.sinicus_200,40
R.affinis_242,R.sinicus_200,40
R.affinis_240,R.sinicus_200,38
R.affinis_233,R.sinicus_200,40
R.affinis,R.sinicus_200,39
R.affinis_231,R.sinicus_200,40
R.pearsonii,R.sinicus_200,41
R.sinicus_475,R.sinicus_200,7
R.sinicus_215,R.sinicus_200,7
R.sinicus_217,R.sinicus_200,5
R.sinicus_204,R.sinicus_200,5
R.sinicus_214,R.sinicus_200,4
R.sinicus_200,R.sinicus_200,0
R.sinicus_275,R.sinicus_200,3
R.sinicus_211,R.sinicus_200,7
R.sinicus_210,R.sinicus_200,7
R.sinicus_219,R.sinicus_200,6
R.sinicus_216,R.sinicus_200,10
R.sinicus_202,R.sinicus_200,8
R.sinicus_206,R.sinicus_200,5
R.sinicus_472,R.sinicus_200,14
R.sinicus_212,R.sinicus_200,10
R.sinicus_803,R.sinicus_200,11
R.sinicus_221,R.sinicus_200,5
R.sinicus_203,R.sinicus_200,7
R.sinicus_205,R.sinicus_200,9
R.macrotis,R.sinicus_200,37
R.pusillus,R.sinicus_200,39
R.cornutus,R.sinicus_200,36
H.sapiens,R.sinicus_275,156
R.ferrumequinum_470,R.sinicus_275,63
R.[PDF-2370],R.sinicus_275,59
R.ferrumequinum,R.sinicus_275,58
R.ferrumequinum_663,R.sinicus_275,57
R.alcyone,R.sinicus_275,65
R.landeri,R.sinicus_275,66
R.shameli,R.sinicus_275,42
R.affinis_227,R.sinicus_275,42
R.affinis_229,R.sinicus_275,42
R.affinis_242,R.sinicus_275,42
R.affinis_240,R.sinicus_275,40
R.affinis_233,R.sinicus_275,42
R.affinis,R.sinicus_275,41
R.affinis_231,R.sinicus_275,42
R.pearsonii,R.sinicus_275,41
R.sinicus_475,R.sinicus_275,8
R.sinicus_215,R.sinicus_275,8
R.sinicus_217,R.sinicus_275,6
R.sinicus_204,R.sinicus_275,4
R.sinicus_214,R.sinicus_275,5
R.sinicus_200,R.sinicus_275,3
R.sinicus_275,R.sinicus_275,0
R.sinicus_211,R.sinicus_275,8
R.sinicus_210,R.sinicus_275,8
R.sinicus_219,R.sinicus_275,7
R.sinicus_216,R.sinicus_275,11
R.sinicus_202,R.sinicus_275,9
R.sinicus_206,R.sinicus_275,6
R.sinicus_472,R.sinicus_275,16
R.sinicus_212,R.sinicus_275,12
R.sinicus_803,R.sinicus_275,13
R.sinicus_221,R.sinicus_275,7
R.sinicus_203,R.sinicus_275,9
R.sinicus_205,R.sinicus_275,11
R.macrotis,R.sinicus_275,38
R.pusillus,R.sinicus_275,39
R.cornutus,R.sinicus_275,36
H.sapiens,R.sinicus_211,155
R.ferrumequinum_470,R.sinicus_211,61
R.[PDF-2370],R.sinicus_211,56
R.ferrumequinum,R.sinicus_211,56
R.ferrumequinum_663,R.sinicus_211,55
R.alcyone,R.sinicus_211,63
R.landeri,R.sinicus_211,64
R.shameli,R.sinicus_211,39
R.affinis_227,R.sinicus_211,38
R.affinis_229,R.sinicus_211,38
R.affinis_242,R.sinicus_211,39
R.affinis_240,R.sinicus_211,37
R.affinis_233,R.sinicus_211,39
R.affinis,R.sinicus_211,38
R.affinis_231,R.sinicus_211,39
R.pearsonii,R.sinicus_211,39
R.sinicus_475,R.sinicus_211,8
R.sinicus_215,R.sinicus_211,4
R.sinicus_217,R.sinicus_211,6
R.sinicus_204,R.sinicus_211,6
R.sinicus_214,R.sinicus_211,5
R.sinicus_200,R.sinicus_211,7
R.sinicus_275,R.sinicus_211,8
R.sinicus_211,R.sinicus_211,0
R.sinicus_210,R.sinicus_211,2
R.sinicus_219,R.sinicus_211,1
R.sinicus_216,R.sinicus_211,7
R.sinicus_202,R.sinicus_211,7
R.sinicus_206,R.sinicus_211,4
R.sinicus_472,R.sinicus_211,15
R.sinicus_212,R.sinicus_211,7
R.sinicus_803,R.sinicus_211,8
R.sinicus_221,R.sinicus_211,8
R.sinicus_203,R.sinicus_211,8
R.sinicus_205,R.sinicus_211,10
R.macrotis,R.sinicus_211,34
R.pusillus,R.sinicus_211,37
R.cornutus,R.sinicus_211,36
H.sapiens,R.sinicus_210,155
R.ferrumequinum_470,R.sinicus_210,63
R.[PDF-2370],R.sinicus_210,58
R.ferrumequinum,R.sinicus_210,58
R.ferrumequinum_663,R.sinicus_210,57
R.alcyone,R.sinicus_210,65
R.landeri,R.sinicus_210,66
R.shameli,R.sinicus_210,39
R.affinis_227,R.sinicus_210,38
R.affinis_229,R.sinicus_210,38
R.affinis_242,R.sinicus_210,39
R.affinis_240,R.sinicus_210,37
R.affinis_233,R.sinicus_210,39
R.affinis,R.sinicus_210,38
R.affinis_231,R.sinicus_210,39
R.pearsonii,R.sinicus_210,39
R.sinicus_475,R.sinicus_210,8
R.sinicus_215,R.sinicus_210,4
R.sinicus_217,R.sinicus_210,6
R.sinicus_204,R.sinicus_210,6
R.sinicus_214,R.sinicus_210,5
R.sinicus_200,R.sinicus_210,7
R.sinicus_275,R.sinicus_210,8
R.sinicus_211,R.sinicus_210,2
R.sinicus_210,R.sinicus_210,0
R.sinicus_219,R.sinicus_210,1
R.sinicus_216,R.sinicus_210,9
R.sinicus_202,R.sinicus_210,7
R.sinicus_206,R.sinicus_210,4
R.sinicus_472,R.sinicus_210,15
R.sinicus_212,R.sinicus_210,9
R.sinicus_803,R.sinicus_210,10
R.sinicus_221,R.sinicus_210,8
R.sinicus_203,R.sinicus_210,8
R.sinicus_205,R.sinicus_210,10
R.macrotis,R.sinicus_210,34
R.pusillus,R.sinicus_210,37
R.cornutus,R.sinicus_210,36
H.sapiens,R.sinicus_219,154
R.ferrumequinum_470,R.sinicus_219,62
R.[PDF-2370],R.sinicus_219,57
R.ferrumequinum,R.sinicus_219,57
R.ferrumequinum_663,R.sinicus_219,56
R.alcyone,R.sinicus_219,64
R.landeri,R.sinicus_219,65
R.shameli,R.sinicus_219,38
R.affinis_227,R.sinicus_219,37
R.affinis_229,R.sinicus_219,37
R.affinis_242,R.sinicus_219,38
R.affinis_240,R.sinicus_219,36
R.affinis_233,R.sinicus_219,38
R.affinis,R.sinicus_219,37
R.affinis_231,R.sinicus_219,38
R.pearsonii,R.sinicus_219,38
R.sinicus_475,R.sinicus_219,7
R.sinicus_215,R.sinicus_219,5
R.sinicus_217,R.sinicus_219,5
R.sinicus_204,R.sinicus_219,5
R.sinicus_214,R.sinicus_219,4
R.sinicus_200,R.sinicus_219,6
R.sinicus_275,R.sinicus_219,7
R.sinicus_211,R.sinicus_219,1
R.sinicus_210,R.sinicus_219,1
R.sinicus_219,R.sinicus_219,0
R.sinicus_216,R.sinicus_219,8
R.sinicus_202,R.sinicus_219,6
R.sinicus_206,R.sinicus_219,3
R.sinicus_472,R.sinicus_219,14
R.sinicus_212,R.sinicus_219,8
R.sinicus_803,R.sinicus_219,9
R.sinicus_221,R.sinicus_219,7
R.sinicus_203,R.sinicus_219,7
R.sinicus_205,R.sinicus_219,9
R.macrotis,R.sinicus_219,33
R.pusillus,R.sinicus_219,36
R.cornutus,R.sinicus_219,35
H.sapiens,R.sinicus_216,156
R.ferrumequinum_470,R.sinicus_216,61
R.[PDF-2370],R.sinicus_216,56
R.ferrumequinum,R.sinicus_216,56
R.ferrumequinum_663,R.sinicus_216,55
R.alcyone,R.sinicus_216,64
R.landeri,R.sinicus_216,64
R.shameli,R.sinicus_216,39
R.affinis_227,R.sinicus_216,39
R.affinis_229,R.sinicus_216,39
R.affinis_242,R.sinicus_216,40
R.affinis_240,R.sinicus_216,38
R.affinis_233,R.sinicus_216,40
R.affinis,R.sinicus_216,39
R.affinis_231,R.sinicus_216,40
R.pearsonii,R.sinicus_216,39
R.sinicus_475,R.sinicus_216,10
R.sinicus_215,R.sinicus_216,8
R.sinicus_217,R.sinicus_216,8
R.sinicus_204,R.sinicus_216,8
R.sinicus_214,R.sinicus_216,7
R.sinicus_200,R.sinicus_216,10
R.sinicus_275,R.sinicus_216,11
R.sinicus_211,R.sinicus_216,7
R.sinicus_210,R.sinicus_216,9
R.sinicus_219,R.sinicus_216,8
R.sinicus_216,R.sinicus_216,0
R.sinicus_202,R.sinicus_216,3
R.sinicus_206,R.sinicus_216,6
R.sinicus_472,R.sinicus_216,11
R.sinicus_212,R.sinicus_216,9
R.sinicus_803,R.sinicus_216,10
R.sinicus_221,R.sinicus_216,10
R.sinicus_203,R.sinicus_216,10
R.sinicus_205,R.sinicus_216,12
R.macrotis,R.sinicus_216,38
R.pusillus,R.sinicus_216,40
R.cornutus,R.sinicus_216,39
H.sapiens,R.sinicus_202,154
R.ferrumequinum_470,R.sinicus_202,62
R.[PDF-2370],R.sinicus_202,57
R.ferrumequinum,R.sinicus_202,57
R.ferrumequinum_663,R.sinicus_202,56
R.alcyone,R.sinicus_202,64
R.landeri,R.sinicus_202,65
R.shameli,R.sinicus_202,37
R.affinis_227,R.sinicus_202,37
R.affinis_229,R.sinicus_202,37
R.affinis_242,R.sinicus_202,38
R.affinis_240,R.sinicus_202,36
R.affinis_233,R.sinicus_202,38
R.affinis,R.sinicus_202,37
R.affinis_231,R.sinicus_202,38
R.pearsonii,R.sinicus_202,36
R.sinicus_475,R.sinicus_202,9
R.sinicus_215,R.sinicus_202,9
R.sinicus_217,R.sinicus_202,7
R.sinicus_204,R.sinicus_202,7
R.sinicus_214,R.sinicus_202,6
R.sinicus_200,R.sinicus_202,8
R.sinicus_275,R.sinicus_202,9
R.sinicus_211,R.sinicus_202,7
R.sinicus_210,R.sinicus_202,7
R.sinicus_219,R.sinicus_202,6
R.sinicus_216,R.sinicus_202,3
R.sinicus_202,R.sinicus_202,0
R.sinicus_206,R.sinicus_202,3
R.sinicus_472,R.sinicus_202,8
R.sinicus_212,R.sinicus_202,10
R.sinicus_803,R.sinicus_202,11
R.sinicus_221,R.sinicus_202,7
R.sinicus_203,R.sinicus_202,7
R.sinicus_205,R.sinicus_202,9
R.macrotis,R.sinicus_202,36
R.pusillus,R.sinicus_202,39
R.cornutus,R.sinicus_202,38
H.sapiens,R.sinicus_206,153
R.ferrumequinum_470,R.sinicus_206,62
R.[PDF-2370],R.sinicus_206,57
R.ferrumequinum,R.sinicus_206,57
R.ferrumequinum_663,R.sinicus_206,56
R.alcyone,R.sinicus_206,64
R.landeri,R.sinicus_206,65
R.shameli,R.sinicus_206,37
R.affinis_227,R.sinicus_206,37
R.affinis_229,R.sinicus_206,37
R.affinis_242,R.sinicus_206,38
R.affinis_240,R.sinicus_206,36
R.affinis_233,R.sinicus_206,38
R.affinis,R.sinicus_206,37
R.affinis_231,R.sinicus_206,38
R.pearsonii,R.sinicus_206,38
R.sinicus_475,R.sinicus_206,6
R.sinicus_215,R.sinicus_206,6
R.sinicus_217,R.sinicus_206,4
R.sinicus_204,R.sinicus_206,4
R.sinicus_214,R.sinicus_206,3
R.sinicus_200,R.sinicus_206,5
R.sinicus_275,R.sinicus_206,6
R.sinicus_211,R.sinicus_206,4
R.sinicus_210,R.sinicus_206,4
R.sinicus_219,R.sinicus_206,3
R.sinicus_216,R.sinicus_206,6
R.sinicus_202,R.sinicus_206,3
R.sinicus_206,R.sinicus_206,0
R.sinicus_472,R.sinicus_206,11
R.sinicus_212,R.sinicus_206,7
R.sinicus_803,R.sinicus_206,8
R.sinicus_221,R.sinicus_206,4
R.sinicus_203,R.sinicus_206,4
R.sinicus_205,R.sinicus_206,6
R.macrotis,R.sinicus_206,33
R.pusillus,R.sinicus_206,36
R.cornutus,R.sinicus_206,35
H.sapiens,R.sinicus_472,160
R.ferrumequinum_470,R.sinicus_472,65
R.[PDF-2370],R.sinicus_472,62
R.ferrumequinum,R.sinicus_472,62
R.ferrumequinum_663,R.sinicus_472,61
R.alcyone,R.sinicus_472,69
R.landeri,R.sinicus_472,71
R.shameli,R.sinicus_472,42
R.affinis_227,R.sinicus_472,44
R.affinis_229,R.sinicus_472,44
R.affinis_242,R.sinicus_472,45
R.affinis_240,R.sinicus_472,43
R.affinis_233,R.sinicus_472,45
R.affinis,R.sinicus_472,44
R.affinis_231,R.sinicus_472,45
R.pearsonii,R.sinicus_472,38
R.sinicus_475,R.sinicus_472,15
R.sinicus_215,R.sinicus_472,17
R.sinicus_217,R.sinicus_472,15
R.sinicus_204,R.sinicus_472,15
R.sinicus_214,R.sinicus_472,14
R.sinicus_200,R.sinicus_472,14
R.sinicus_275,R.sinicus_472,16
R.sinicus_211,R.sinicus_472,15
R.sinicus_210,R.sinicus_472,15
R.sinicus_219,R.sinicus_472,14
R.sinicus_216,R.sinicus_472,11
R.sinicus_202,R.sinicus_472,8
R.sinicus_206,R.sinicus_472,11
R.sinicus_472,R.sinicus_472,0
R.sinicus_212,R.sinicus_472,10
R.sinicus_803,R.sinicus_472,11
R.sinicus_221,R.sinicus_472,9
R.sinicus_203,R.sinicus_472,7
R.sinicus_205,R.sinicus_472,9
R.macrotis,R.sinicus_472,38
R.pusillus,R.sinicus_472,46
R.cornutus,R.sinicus_472,44
H.sapiens,R.sinicus_212,155
R.ferrumequinum_470,R.sinicus_212,61
R.[PDF-2370],R.sinicus_212,56
R.ferrumequinum,R.sinicus_212,56
R.ferrumequinum_663,R.sinicus_212,55
R.alcyone,R.sinicus_212,64
R.landeri,R.sinicus_212,65
R.shameli,R.sinicus_212,38
R.affinis_227,R.sinicus_212,41
R.affinis_229,R.sinicus_212,41
R.affinis_242,R.sinicus_212,42
R.affinis_240,R.sinicus_212,40
R.affinis_233,R.sinicus_212,42
R.affinis,R.sinicus_212,41
R.affinis_231,R.sinicus_212,42
R.pearsonii,R.sinicus_212,39
R.sinicus_475,R.sinicus_212,12
R.sinicus_215,R.sinicus_212,8
R.sinicus_217,R.sinicus_212,10
R.sinicus_204,R.sinicus_212,10
R.sinicus_214,R.sinicus_212,9
R.sinicus_200,R.sinicus_212,10
R.sinicus_275,R.sinicus_212,12
R.sinicus_211,R.sinicus_212,7
R.sinicus_210,R.sinicus_212,9
R.sinicus_219,R.sinicus_212,8
R.sinicus_216,R.sinicus_212,9
R.sinicus_202,R.sinicus_212,10
R.sinicus_206,R.sinicus_212,7
R.sinicus_472,R.sinicus_212,10
R.sinicus_212,R.sinicus_212,0
R.sinicus_803,R.sinicus_212,1
R.sinicus_221,R.sinicus_212,5
R.sinicus_203,R.sinicus_212,3
R.sinicus_205,R.sinicus_212,5
R.macrotis,R.sinicus_212,33
R.pusillus,R.sinicus_212,39
R.cornutus,R.sinicus_212,37
H.sapiens,R.sinicus_803,155
R.ferrumequinum_470,R.sinicus_803,62
R.[PDF-2370],R.sinicus_803,57
R.ferrumequinum,R.sinicus_803,57
R.ferrumequinum_663,R.sinicus_803,56
R.alcyone,R.sinicus_803,65
R.landeri,R.sinicus_803,66
R.shameli,R.sinicus_803,39
R.affinis_227,R.sinicus_803,42
R.affinis_229,R.sinicus_803,42
R.affinis_242,R.sinicus_803,43
R.affinis_240,R.sinicus_803,41
R.affinis_233,R.sinicus_803,43
R.affinis,R.sinicus_803,42
R.affinis_231,R.sinicus_803,43
R.pearsonii,R.sinicus_803,40
R.sinicus_475,R.sinicus_803,13
R.sinicus_215,R.sinicus_803,9
R.sinicus_217,R.sinicus_803,11
R.sinicus_204,R.sinicus_803,11
R.sinicus_214,R.sinicus_803,10
R.sinicus_200,R.sinicus_803,11
R.sinicus_275,R.sinicus_803,13
R.sinicus_211,R.sinicus_803,8
R.sinicus_210,R.sinicus_803,10
R.sinicus_219,R.sinicus_803,9
R.sinicus_216,R.sinicus_803,10
R.sinicus_202,R.sinicus_803,11
R.sinicus_206,R.sinicus_803,8
R.sinicus_472,R.sinicus_803,11
R.sinicus_212,R.sinicus_803,1
R.sinicus_803,R.sinicus_803,0
R.sinicus_221,R.sinicus_803,6
R.sinicus_203,R.sinicus_803,4
R.sinicus_205,R.sinicus_803,6
R.macrotis,R.sinicus_803,34
R.pusillus,R.sinicus_803,40
R.cornutus,R.sinicus_803,38
H.sapiens,R.sinicus_221,155
R.ferrumequinum_470,R.sinicus_221,63
R.[PDF-2370],R.sinicus_221,58
R.ferrumequinum,R.sinicus_221,58
R.ferrumequinum_663,R.sinicus_221,57
R.alcyone,R.sinicus_221,65
R.landeri,R.sinicus_221,65
R.shameli,R.sinicus_221,39
R.affinis_227,R.sinicus_221,40
R.affinis_229,R.sinicus_221,40
R.affinis_242,R.sinicus_221,40
R.affinis_240,R.sinicus_221,38
R.affinis_233,R.sinicus_221,40
R.affinis,R.sinicus_221,39
R.affinis_231,R.sinicus_221,40
R.pearsonii,R.sinicus_221,40
R.sinicus_475,R.sinicus_221,8
R.sinicus_215,R.sinicus_221,8
R.sinicus_217,R.sinicus_221,6
R.sinicus_204,R.sinicus_221,6
R.sinicus_214,R.sinicus_221,5
R.sinicus_200,R.sinicus_221,5
R.sinicus_275,R.sinicus_221,7
R.sinicus_211,R.sinicus_221,8
R.sinicus_210,R.sinicus_221,8
R.sinicus_219,R.sinicus_221,7
R.sinicus_216,R.sinicus_221,10
R.sinicus_202,R.sinicus_221,7
R.sinicus_206,R.sinicus_221,4
R.sinicus_472,R.sinicus_221,9
R.sinicus_212,R.sinicus_221,5
R.sinicus_803,R.sinicus_221,6
R.sinicus_221,R.sinicus_221,0
R.sinicus_203,R.sinicus_221,2
R.sinicus_205,R.sinicus_221,4
R.macrotis,R.sinicus_221,33
R.pusillus,R.sinicus_221,39
R.cornutus,R.sinicus_221,35
H.sapiens,R.sinicus_203,155
R.ferrumequinum_470,R.sinicus_203,63
R.[PDF-2370],R.sinicus_203,58
R.ferrumequinum,R.sinicus_203,58
R.ferrumequinum_663,R.sinicus_203,57
R.alcyone,R.sinicus_203,65
R.landeri,R.sinicus_203,67
R.shameli,R.sinicus_203,38
R.affinis_227,R.sinicus_203,40
R.affinis_229,R.sinicus_203,40
R.affinis_242,R.sinicus_203,41
R.affinis_240,R.sinicus_203,39
R.affinis_233,R.sinicus_203,41
R.affinis,R.sinicus_203,40
R.affinis_231,R.sinicus_203,41
R.pearsonii,R.sinicus_203,38
R.sinicus_475,R.sinicus_203,10
R.sinicus_215,R.sinicus_203,10
R.sinicus_217,R.sinicus_203,8
R.sinicus_204,R.sinicus_203,8
R.sinicus_214,R.sinicus_203,7
R.sinicus_200,R.sinicus_203,7
R.sinicus_275,R.sinicus_203,9
R.sinicus_211,R.sinicus_203,8
R.sinicus_210,R.sinicus_203,8
R.sinicus_219,R.sinicus_203,7
R.sinicus_216,R.sinicus_203,10
R.sinicus_202,R.sinicus_203,7
R.sinicus_206,R.sinicus_203,4
R.sinicus_472,R.sinicus_203,7
R.sinicus_212,R.sinicus_203,3
R.sinicus_803,R.sinicus_203,4
R.sinicus_221,R.sinicus_203,2
R.sinicus_203,R.sinicus_203,0
R.sinicus_205,R.sinicus_203,2
R.macrotis,R.sinicus_203,33
R.pusillus,R.sinicus_203,39
R.cornutus,R.sinicus_203,37
H.sapiens,R.sinicus_205,156
R.ferrumequinum_470,R.sinicus_205,65
R.[PDF-2370],R.sinicus_205,60
R.ferrumequinum,R.sinicus_205,60
R.ferrumequinum_663,R.sinicus_205,59
R.alcyone,R.sinicus_205,67
R.landeri,R.sinicus_205,69
R.shameli,R.sinicus_205,40
R.affinis_227,R.sinicus_205,42
R.affinis_229,R.sinicus_205,42
R.affinis_242,R.sinicus_205,43
R.affinis_240,R.sinicus_205,41
R.affinis_233,R.sinicus_205,43
R.affinis,R.sinicus_205,42
R.affinis_231,R.sinicus_205,43
R.pearsonii,R.sinicus_205,40
R.sinicus_475,R.sinicus_205,12
R.sinicus_215,R.sinicus_205,12
R.sinicus_217,R.sinicus_205,10
R.sinicus_204,R.sinicus_205,10
R.sinicus_214,R.sinicus_205,9
R.sinicus_200,R.sinicus_205,9
R.sinicus_275,R.sinicus_205,11
R.sinicus_211,R.sinicus_205,10
R.sinicus_210,R.sinicus_205,10
R.sinicus_219,R.sinicus_205,9
R.sinicus_216,R.sinicus_205,12
R.sinicus_202,R.sinicus_205,9
R.sinicus_206,R.sinicus_205,6
R.sinicus_472,R.sinicus_205,9
R.sinicus_212,R.sinicus_205,5
R.sinicus_803,R.sinicus_205,6
R.sinicus_221,R.sinicus_205,4
R.sinicus_203,R.sinicus_205,2
R.sinicus_205,R.sinicus_205,0
R.macrotis,R.sinicus_205,34
R.pusillus,R.sinicus_205,40
R.cornutus,R.sinicus_205,38
H.sapiens,R.macrotis,154
R.ferrumequinum_470,R.macrotis,64
R.[PDF-2370],R.macrotis,61
R.ferrumequinum,R.macrotis,61
R.ferrumequinum_663,R.macrotis,60
R.alcyone,R.macrotis,69
R.landeri,R.macrotis,68
R.shameli,R.macrotis,40
R.affinis_227,R.macrotis,41
R.affinis_229,R.macrotis,41
R.affinis_242,R.macrotis,42
R.affinis_240,R.macrotis,40
R.affinis_233,R.macrotis,42
R.affinis,R.macrotis,41
R.affinis_231,R.macrotis,42
R.pearsonii,R.macrotis,36
R.sinicus_475,R.macrotis,36
R.sinicus_215,R.macrotis,36
R.sinicus_217,R.macrotis,36
R.sinicus_204,R.macrotis,36
R.sinicus_214,R.macrotis,35
R.sinicus_200,R.macrotis,37
R.sinicus_275,R.macrotis,38
R.sinicus_211,R.macrotis,34
R.sinicus_210,R.macrotis,34
R.sinicus_219,R.macrotis,33
R.sinicus_216,R.macrotis,38
R.sinicus_202,R.macrotis,36
R.sinicus_206,R.macrotis,33
R.sinicus_472,R.macrotis,38
R.sinicus_212,R.macrotis,33
R.sinicus_803,R.macrotis,34
R.sinicus_221,R.macrotis,33
R.sinicus_203,R.macrotis,33
R.sinicus_205,R.macrotis,34
R.macrotis,R.macrotis,0
R.pusillus,R.macrotis,26
R.cornutus,R.macrotis,24
H.sapiens,R.pusillus,157
R.ferrumequinum_470,R.pusillus,71
R.[PDF-2370],R.pusillus,66
R.ferrumequinum,R.pusillus,66
R.ferrumequinum_663,R.pusillus,65
R.alcyone,R.pusillus,77
R.landeri,R.pusillus,76
R.shameli,R.pusillus,44
R.affinis_227,R.pusillus,42
R.affinis_229,R.pusillus,42
R.affinis_242,R.pusillus,43
R.affinis_240,R.pusillus,41
R.affinis_233,R.pusillus,43
R.affinis,R.pusillus,42
R.affinis_231,R.pusillus,43
R.pearsonii,R.pusillus,48
R.sinicus_475,R.pusillus,40
R.sinicus_215,R.pusillus,38
R.sinicus_217,R.pusillus,37
R.sinicus_204,R.pusillus,37
R.sinicus_214,R.pusillus,37
R.sinicus_200,R.pusillus,39
R.sinicus_275,R.pusillus,39
R.sinicus_211,R.pusillus,37
R.sinicus_210,R.pusillus,37
R.sinicus_219,R.pusillus,36
R.sinicus_216,R.pusillus,40
R.sinicus_202,R.pusillus,39
R.sinicus_206,R.pusillus,36
R.sinicus_472,R.pusillus,46
R.sinicus_212,R.pusillus,39
R.sinicus_803,R.pusillus,40
R.sinicus_221,R.pusillus,39
R.sinicus_203,R.pusillus,39
R.sinicus_205,R.pusillus,40
R.macrotis,R.pusillus,26
R.pusillus,R.pusillus,0
R.cornutus,R.pusillus,10
H.sapiens,R.cornutus,154
R.ferrumequinum_470,R.cornutus,67
R.[PDF-2370],R.cornutus,62
R.ferrumequinum,R.cornutus,62
R.ferrumequinum_663,R.cornutus,61
R.alcyone,R.cornutus,73
R.landeri,R.cornutus,72
R.shameli,R.cornutus,40
R.affinis_227,R.cornutus,39
R.affinis_229,R.cornutus,39
R.affinis_242,R.cornutus,39
R.affinis_240,R.cornutus,37
R.affinis_233,R.cornutus,39
R.affinis,R.cornutus,38
R.affinis_231,R.cornutus,39
R.pearsonii,R.cornutus,45
R.sinicus_475,R.cornutus,37
R.sinicus_215,R.cornutus,35
R.sinicus_217,R.cornutus,35
R.sinicus_204,R.cornutus,34
R.sinicus_214,R.cornutus,34
R.sinicus_200,R.cornutus,36
R.sinicus_275,R.cornutus,36
R.sinicus_211,R.cornutus,36
R.sinicus_210,R.cornutus,36
R.sinicus_219,R.cornutus,35
R.sinicus_216,R.cornutus,39
R.sinicus_202,R.cornutus,38
R.sinicus_206,R.cornutus,35
R.sinicus_472,R.cornutus,44
R.sinicus_212,R.cornutus,37
R.sinicus_803,R.cornutus,38
R.sinicus_221,R.cornutus,35
R.sinicus_203,R.cornutus,37
R.sinicus_205,R.cornutus,38
R.macrotis,R.cornutus,24
R.pusillus,R.cornutus,10
R.cornutus,R.cornutus,0
